site_id	barcode	contig	position	ref	alt	strand	count	coverage	conversion	strand_conversion
no_barcode_1_204520137_C_A_-	no_barcode	1	204520137	C	A	-	1	1	C>A	G>T
no_barcode_1_68159190_G_A_-	no_barcode	1	68159190	G	A	-	1	1	G>A	C>T
no_barcode_1_154582824_G_T_-	no_barcode	1	154582824	G	T	-	1	1	G>T	C>A
no_barcode_1_154206836_G_A_-	no_barcode	1	154206836	G	A	-	1	3	G>A	C>T
no_barcode_1_155963160_G_A_-	no_barcode	1	155963160	G	A	-	1	1	G>A	C>T
no_barcode_1_633944_C_T_+	no_barcode	1	633944	C	T	+	1	51	C>T	C>T
no_barcode_1_150229100_C_T_-	no_barcode	1	150229100	C	T	-	1	2	C>T	G>A
no_barcode_1_175010596_C_T_+	no_barcode	1	175010596	C	T	+	1	1	C>T	C>T
no_barcode_1_32060528_C_T_+	no_barcode	1	32060528	C	T	+	1	1	C>T	C>T
no_barcode_1_153773745_T_C_+	no_barcode	1	153773745	T	C	+	1	1	T>C	T>C
no_barcode_1_201464818_T_G_-	no_barcode	1	201464818	T	G	-	1	1	T>G	A>C
no_barcode_1_91387399_C_G_-	no_barcode	1	91387399	C	G	-	1	148	C>G	G>C
no_barcode_1_147652507_T_G_-	no_barcode	1	147652507	T	G	-	1	1	T>G	A>C
no_barcode_1_25900670_G_A_-	no_barcode	1	25900670	G	A	-	1	4	G>A	C>T
no_barcode_1_46032703_A_G_+	no_barcode	1	46032703	A	G	+	1	2	A>G	A>G
no_barcode_1_229297516_A_G_+	no_barcode	1	229297516	A	G	+	1	1	A>G	A>G
no_barcode_1_206453261_A_G_+	no_barcode	1	206453261	A	G	+	1	1	A>G	A>G
no_barcode_1_149851945_C_T_-	no_barcode	1	149851945	C	T	-	1	1	C>T	G>A
no_barcode_1_1478807_C_T_+	no_barcode	1	1478807	C	T	+	1	1	C>T	C>T
no_barcode_1_8867120_G_T_-	no_barcode	1	8867120	G	T	-	1	19	G>T	C>A
no_barcode_1_32679734_C_T_+	no_barcode	1	32679734	C	T	+	1	2	C>T	C>T
no_barcode_1_54216247_G_C_+	no_barcode	1	54216247	G	C	+	2	2	G>C	G>C
no_barcode_1_244855025_T_A_-	no_barcode	1	244855025	T	A	-	1	12	T>A	A>T
no_barcode_1_77614443_A_G_-	no_barcode	1	77614443	A	G	-	1	1	A>G	T>C
no_barcode_1_149923967_G_A_-	no_barcode	1	149923967	G	A	-	1	3	G>A	C>T
no_barcode_1_175000171_C_T_+	no_barcode	1	175000171	C	T	+	1	1	C>T	C>T
no_barcode_1_90034260_C_G_+	no_barcode	1	90034260	C	G	+	1	1	C>G	C>G
no_barcode_1_150235746_C_A_-	no_barcode	1	150235746	C	A	-	1	2	C>A	G>T
no_barcode_1_154582466_G_A_-	no_barcode	1	154582466	G	A	-	1	1	G>A	C>T
no_barcode_1_29117211_A_G_+	no_barcode	1	29117211	A	G	+	1	1	A>G	A>G
no_barcode_1_112670482_T_C_+	no_barcode	1	112670482	T	C	+	1	3	T>C	T>C
no_barcode_1_149833645_C_T_+	no_barcode	1	149833645	C	T	+	1	1	C>T	C>T
no_barcode_1_155289532_C_T_+	no_barcode	1	155289532	C	T	+	1	1	C>T	C>T
no_barcode_1_151054277_A_G_-	no_barcode	1	151054277	A	G	-	1	1	A>G	T>C
no_barcode_1_225921625_G_A_-	no_barcode	1	225921625	G	A	-	1	2	G>A	C>T
no_barcode_1_228097433_C_G_+	no_barcode	1	228097433	C	G	+	1	4	C>G	C>G
no_barcode_1_8865411_C_T_-	no_barcode	1	8865411	C	T	-	1	33	C>T	G>A
no_barcode_1_23693873_G_A_+	no_barcode	1	23693873	G	A	+	1	39	G>A	G>A
no_barcode_1_226146744_G_A_-	no_barcode	1	226146744	G	A	-	1	3	G>A	C>T
no_barcode_1_182383477_G_A_-	no_barcode	1	182383477	G	A	-	1	2	G>A	C>T
no_barcode_1_230839150_G_A_-	no_barcode	1	230839150	G	A	-	1	1	G>A	C>T
no_barcode_1_111460978_C_T_+	no_barcode	1	111460978	C	T	+	1	2	C>T	C>T
no_barcode_1_119734689_A_T_+	no_barcode	1	119734689	A	T	+	1	13	A>T	A>T
no_barcode_1_156743766_G_A_-	no_barcode	1	156743766	G	A	-	1	3	G>A	C>T
no_barcode_1_20840996_G_T_-	no_barcode	1	20840996	G	T	-	1	2	G>T	C>A
no_barcode_1_37540195_G_A_-	no_barcode	1	37540195	G	A	-	1	1	G>A	C>T
no_barcode_1_225790073_C_T_+	no_barcode	1	225790073	C	T	+	1	7	C>T	C>T
no_barcode_1_944307_T_C_+	no_barcode	1	944307	T	C	+	1	2	T>C	T>C
no_barcode_1_28538038_G_A_+	no_barcode	1	28538038	G	A	+	1	2	G>A	G>A
no_barcode_1_40822351_C_A_+	no_barcode	1	40822351	C	A	+	1	1	C>A	C>A
no_barcode_1_155751307_A_G_+	no_barcode	1	155751307	A	G	+	1	1	A>G	A>G
no_barcode_1_203008686_G_T_+	no_barcode	1	203008686	G	T	+	1	6	G>T	G>T
no_barcode_1_58783675_G_C_-	no_barcode	1	58783675	G	C	-	3	3	G>C	C>G
no_barcode_1_1342153_T_C_-	no_barcode	1	1342153	T	C	-	1	2	T>C	A>G
no_barcode_1_44778097_T_C_+	no_barcode	1	44778097	T	C	+	1	48	T>C	T>C
no_barcode_1_201962260_G_A_+	no_barcode	1	201962260	G	A	+	1	1	G>A	G>A
no_barcode_1_243501312_T_C_-	no_barcode	1	243501312	T	C	-	1	1	T>C	A>G
no_barcode_1_44207865_T_C_-	no_barcode	1	44207865	T	C	-	1	1	T>C	A>G
no_barcode_1_45518968_A_T_-	no_barcode	1	45518968	A	T	-	1	10	A>T	T>A
no_barcode_1_212620105_C_T_+	no_barcode	1	212620105	C	T	+	1	1	C>T	C>T
no_barcode_1_150575754_G_A_-	no_barcode	1	150575754	G	A	-	1	3	G>A	C>T
no_barcode_1_226124491_C_T_+	no_barcode	1	226124491	C	T	+	1	1	C>T	C>T
no_barcode_1_214657274_A_G_+	no_barcode	1	214657274	A	G	+	1	1	A>G	A>G
no_barcode_1_37540158_G_A_-	no_barcode	1	37540158	G	A	-	1	1	G>A	C>T
no_barcode_1_109096049_C_T_+	no_barcode	1	109096049	C	T	+	1	1	C>T	C>T
no_barcode_1_91614775_C_A_-	no_barcode	1	91614775	C	A	-	1	1	C>A	G>T
no_barcode_1_11949898_C_T_+	no_barcode	1	11949898	C	T	+	1	2	C>T	C>T
no_barcode_1_39718663_A_G_+	no_barcode	1	39718663	A	G	+	1	1	A>G	A>G
no_barcode_1_35178480_C_A_-	no_barcode	1	35178480	C	A	-	1	2	C>A	G>T
no_barcode_1_28237134_C_T_+	no_barcode	1	28237134	C	T	+	1	1	C>T	C>T
no_barcode_1_119726898_G_T_+	no_barcode	1	119726898	G	T	+	1	3	G>T	G>T
no_barcode_1_180196375_C_A_+	no_barcode	1	180196375	C	A	+	1	1	C>A	C>A
no_barcode_1_217774396_G_A_-	no_barcode	1	217774396	G	A	-	1	1	G>A	C>T
no_barcode_1_225789506_C_T_+	no_barcode	1	225789506	C	T	+	1	3	C>T	C>T
no_barcode_1_161170161_C_T_+	no_barcode	1	161170161	C	T	+	1	1	C>T	C>T
no_barcode_1_86863123_G_T_-	no_barcode	1	86863123	G	T	-	1	5	G>T	C>A
no_barcode_1_7117509_G_A_+	no_barcode	1	7117509	G	A	+	1	1	G>A	G>A
no_barcode_1_205714152_T_C_-	no_barcode	1	205714152	T	C	-	3	3	T>C	A>G
no_barcode_1_35602151_T_C_-	no_barcode	1	35602151	T	C	-	1	3	T>C	A>G
no_barcode_1_161212418_C_G_+	no_barcode	1	161212418	C	G	+	1	2	C>G	C>G
no_barcode_1_28578627_G_A_-	no_barcode	1	28578627	G	A	-	1	1	G>A	C>T
no_barcode_1_227747789_C_T_+	no_barcode	1	227747789	C	T	+	1	1	C>T	C>T
no_barcode_1_202919819_T_C_-	no_barcode	1	202919819	T	C	-	1	1	T>C	A>G
no_barcode_1_185819002_G_C_-	no_barcode	1	185819002	G	C	-	1	1	G>C	C>G
no_barcode_1_160996440_C_G_-	no_barcode	1	160996440	C	G	-	1	1	C>G	G>C
no_barcode_1_153991658_A_C_+	no_barcode	1	153991658	A	C	+	1	96	A>C	A>C
no_barcode_1_179863286_G_T_-	no_barcode	1	179863286	G	T	-	1	1	G>T	C>A
no_barcode_1_43592594_C_A_+	no_barcode	1	43592594	C	A	+	1	1	C>A	C>A
no_barcode_1_631298_C_T_+	no_barcode	1	631298	C	T	+	1	3	C>T	C>T
no_barcode_1_161171528_C_T_-	no_barcode	1	161171528	C	T	-	1	1	C>T	G>A
no_barcode_1_28578624_G_A_-	no_barcode	1	28578624	G	A	-	1	1	G>A	C>T
no_barcode_1_33299645_A_T_+	no_barcode	1	33299645	A	T	+	1	1	A>T	A>T
no_barcode_1_92832403_T_A_+	no_barcode	1	92832403	T	A	+	1	1	T>A	T>A
no_barcode_1_28210633_G_A_-	no_barcode	1	28210633	G	A	-	1	9	G>A	C>T
no_barcode_1_234393442_C_T_+	no_barcode	1	234393442	C	T	+	1	2	C>T	C>T
no_barcode_1_148972321_C_T_+	no_barcode	1	148972321	C	T	+	1	1	C>T	C>T
no_barcode_1_92832094_C_A_+	no_barcode	1	92832094	C	A	+	1	10	C>A	C>A
no_barcode_1_154157513_G_A_-	no_barcode	1	154157513	G	A	-	1	5	G>A	C>T
no_barcode_1_173608074_G_A_-	no_barcode	1	173608074	G	A	-	1	1	G>A	C>T
no_barcode_1_68137903_C_T_-	no_barcode	1	68137903	C	T	-	2	2	C>T	G>A
no_barcode_1_87345281_T_C_+	no_barcode	1	87345281	T	C	+	1	1	T>C	T>C
no_barcode_1_109063598_T_C_-	no_barcode	1	109063598	T	C	-	1	1	T>C	A>G
no_barcode_1_31919010_G_A_-	no_barcode	1	31919010	G	A	-	1	4	G>A	C>T
no_barcode_1_35188041_G_A_-	no_barcode	1	35188041	G	A	-	1	2	G>A	C>T
no_barcode_1_168196612_C_T_+	no_barcode	1	168196612	C	T	+	1	1	C>T	C>T
no_barcode_1_26276643_C_T_+	no_barcode	1	26276643	C	T	+	1	1	C>T	C>T
no_barcode_1_228098989_C_T_+	no_barcode	1	228098989	C	T	+	1	3	C>T	C>T
no_barcode_1_19081233_G_A_-	no_barcode	1	19081233	G	A	-	1	1	G>A	C>T
no_barcode_1_204557667_A_G_+	no_barcode	1	204557667	A	G	+	1	1	A>G	A>G
no_barcode_1_16620359_A_G_-	no_barcode	1	16620359	A	G	-	2	2	A>G	T>C
no_barcode_1_91614766_A_G_-	no_barcode	1	91614766	A	G	-	1	1	A>G	T>C
no_barcode_1_154234667_A_T_+	no_barcode	1	154234667	A	T	+	1	1	A>T	A>T
no_barcode_1_203818673_G_C_+	no_barcode	1	203818673	G	C	+	1	1	G>C	G>C
no_barcode_1_109063557_T_C_-	no_barcode	1	109063557	T	C	-	1	1	T>C	A>G
no_barcode_1_230995830_G_T_+	no_barcode	1	230995830	G	T	+	1	1	G>T	G>T
no_barcode_1_10461522_T_A_-	no_barcode	1	10461522	T	A	-	1	2	T>A	A>T
no_barcode_1_10460762_T_C_-	no_barcode	1	10460762	T	C	-	1	1	T>C	A>G
no_barcode_1_26475191_C_A_+	no_barcode	1	26475191	C	A	+	1	4	C>A	C>A
no_barcode_1_32334610_T_C_-	no_barcode	1	32334610	T	C	-	1	8	T>C	A>G
no_barcode_1_46310292_C_T_+	no_barcode	1	46310292	C	T	+	1	15	C>T	C>T
no_barcode_1_632672_T_C_+	no_barcode	1	632672	T	C	+	1	13	T>C	T>C
no_barcode_1_9680612_C_A_-	no_barcode	1	9680612	C	A	-	1	1	C>A	G>T
no_barcode_1_30941233_G_A_-	no_barcode	1	30941233	G	A	-	1	1	G>A	C>T
no_barcode_1_40067648_T_G_+	no_barcode	1	40067648	T	G	+	3	3	T>G	T>G
no_barcode_1_224132123_G_C_+	no_barcode	1	224132123	G	C	+	1	1	G>C	G>C
no_barcode_1_91387300_C_A_-	no_barcode	1	91387300	C	A	-	1	173	C>A	G>T
no_barcode_1_156737704_T_A_-	no_barcode	1	156737704	T	A	-	1	3	T>A	A>T
no_barcode_1_149923991_G_A_-	no_barcode	1	149923991	G	A	-	1	3	G>A	C>T
no_barcode_1_119735376_A_G_+	no_barcode	1	119735376	A	G	+	1	5	A>G	A>G
no_barcode_1_33323919_C_A_-	no_barcode	1	33323919	C	A	-	1	1	C>A	G>T
no_barcode_1_228098998_C_T_+	no_barcode	1	228098998	C	T	+	1	2	C>T	C>T
no_barcode_1_151196681_C_G_-	no_barcode	1	151196681	C	G	-	1	1	C>G	G>C
no_barcode_1_11680575_G_A_-	no_barcode	1	11680575	G	A	-	1	1	G>A	C>T
no_barcode_1_24651507_G_C_+	no_barcode	1	24651507	G	C	+	1	1	G>C	G>C
no_barcode_1_220699127_T_C_+	no_barcode	1	220699127	T	C	+	1	1	T>C	T>C
no_barcode_1_201876710_C_T_+	no_barcode	1	201876710	C	T	+	1	1	C>T	C>T
no_barcode_1_154583257_A_T_-	no_barcode	1	154583257	A	T	-	3	3	A>T	T>A
no_barcode_1_156594200_C_G_+	no_barcode	1	156594200	C	G	+	2	2	C>G	C>G
no_barcode_1_226993095_C_T_-	no_barcode	1	226993095	C	T	-	1	1	C>T	G>A
no_barcode_1_91387284_C_A_-	no_barcode	1	91387284	C	A	-	1	137	C>A	G>T
no_barcode_1_6525848_C_T_-	no_barcode	1	6525848	C	T	-	1	1	C>T	G>A
no_barcode_1_204515489_C_G_-	no_barcode	1	204515489	C	G	-	1	1	C>G	G>C
no_barcode_1_154552177_G_A_-	no_barcode	1	154552177	G	A	-	1	2	G>A	C>T
no_barcode_1_44778113_G_A_-	no_barcode	1	44778113	G	A	-	1	52	G>A	C>T
no_barcode_1_61864408_T_G_+	no_barcode	1	61864408	T	G	+	1	1	T>G	T>G
no_barcode_1_111461026_C_T_+	no_barcode	1	111461026	C	T	+	1	3	C>T	C>T
no_barcode_1_86863115_G_A_-	no_barcode	1	86863115	G	A	-	1	5	G>A	C>T
no_barcode_1_148955162_C_T_+	no_barcode	1	148955162	C	T	+	1	1	C>T	C>T
no_barcode_1_23692732_A_T_+	no_barcode	1	23692732	A	T	+	1	36	A>T	A>T
no_barcode_1_54205151_C_T_+	no_barcode	1	54205151	C	T	+	1	7	C>T	C>T
no_barcode_1_54850409_A_C_-	no_barcode	1	54850409	A	C	-	1	1	A>C	T>G
no_barcode_1_179863291_T_A_-	no_barcode	1	179863291	T	A	-	1	1	T>A	A>T
no_barcode_1_86742346_C_T_+	no_barcode	1	86742346	C	T	+	1	1	C>T	C>T
no_barcode_1_75761588_C_T_+	no_barcode	1	75761588	C	T	+	1	1	C>T	C>T
no_barcode_1_112913924_A_T_-	no_barcode	1	112913924	A	T	-	2	4	A>T	T>A
no_barcode_1_92832102_T_A_+	no_barcode	1	92832102	T	A	+	1	11	T>A	T>A
no_barcode_1_630017_C_T_+	no_barcode	1	630017	C	T	+	1	5	C>T	C>T
no_barcode_1_32333992_G_A_-	no_barcode	1	32333992	G	A	-	1	7	G>A	C>T
no_barcode_1_153662124_G_A_-	no_barcode	1	153662124	G	A	-	1	4	G>A	C>T
no_barcode_1_87103448_T_C_+	no_barcode	1	87103448	T	C	+	1	1	T>C	T>C
no_barcode_1_16986848_G_A_-	no_barcode	1	16986848	G	A	-	1	2	G>A	C>T
no_barcode_1_92832107_T_C_+	no_barcode	1	92832107	T	C	+	1	11	T>C	T>C
no_barcode_1_179863294_T_A_-	no_barcode	1	179863294	T	A	-	1	1	T>A	A>T
no_barcode_1_226392285_C_T_-	no_barcode	1	226392285	C	T	-	1	6	C>T	G>A
no_barcode_1_25242549_G_A_-	no_barcode	1	25242549	G	A	-	1	2	G>A	C>T
no_barcode_1_53921764_G_A_-	no_barcode	1	53921764	G	A	-	1	3	G>A	C>T
no_barcode_1_182383487_G_A_-	no_barcode	1	182383487	G	A	-	1	4	G>A	C>T
no_barcode_1_204557663_A_G_+	no_barcode	1	204557663	A	G	+	1	1	A>G	A>G
no_barcode_1_45518970_T_G_-	no_barcode	1	45518970	T	G	-	1	10	T>G	A>C
no_barcode_1_150968149_T_G_-	no_barcode	1	150968149	T	G	-	1	1	T>G	A>C
no_barcode_1_91387328_G_T_-	no_barcode	1	91387328	G	T	-	1	200	G>T	C>A
no_barcode_1_212021144_A_C_+	no_barcode	1	212021144	A	C	+	1	1	A>C	A>C
no_barcode_1_75761661_C_T_+	no_barcode	1	75761661	C	T	+	1	1	C>T	C>T
no_barcode_1_9583096_A_G_+	no_barcode	1	9583096	A	G	+	1	1	A>G	A>G
no_barcode_1_29148882_C_G_-	no_barcode	1	29148882	C	G	-	1	2	C>G	G>C
no_barcode_1_40067594_T_G_+	no_barcode	1	40067594	T	G	+	1	1	T>G	T>G
no_barcode_1_47377465_T_C_+	no_barcode	1	47377465	T	C	+	1	2	T>C	T>C
no_barcode_1_52687185_A_G_-	no_barcode	1	52687185	A	G	-	1	2	A>G	T>C
no_barcode_1_153991643_C_A_+	no_barcode	1	153991643	C	A	+	1	102	C>A	C>A
no_barcode_1_28210614_G_A_-	no_barcode	1	28210614	G	A	-	1	9	G>A	C>T
no_barcode_1_205149227_C_A_-	no_barcode	1	205149227	C	A	-	1	1	C>A	G>T
no_barcode_1_7779865_G_T_+	no_barcode	1	7779865	G	T	+	1	1	G>T	G>T
no_barcode_1_155689149_T_G_+	no_barcode	1	155689149	T	G	+	1	1	T>G	T>G
no_barcode_1_89772712_T_C_+	no_barcode	1	89772712	T	C	+	1	1	T>C	T>C
no_barcode_1_235551277_C_G_-	no_barcode	1	235551277	C	G	-	1	1	C>G	G>C
no_barcode_1_148274391_A_G_-	no_barcode	1	148274391	A	G	-	1	1	A>G	T>C
no_barcode_1_16969184_T_C_+	no_barcode	1	16969184	T	C	+	1	1	T>C	T>C
no_barcode_1_201135211_G_A_-	no_barcode	1	201135211	G	A	-	1	4	G>A	C>T
no_barcode_1_86863156_G_A_-	no_barcode	1	86863156	G	A	-	1	3	G>A	C>T
no_barcode_1_67425121_G_A_-	no_barcode	1	67425121	G	A	-	1	6	G>A	C>T
no_barcode_1_212590224_T_C_+	no_barcode	1	212590224	T	C	+	1	1	T>C	T>C
no_barcode_1_85174652_A_C_-	no_barcode	1	85174652	A	C	-	1	1	A>C	T>G
no_barcode_1_244843110_G_T_+	no_barcode	1	244843110	G	T	+	1	1	G>T	G>T
no_barcode_1_244708800_T_C_+	no_barcode	1	244708800	T	C	+	1	1	T>C	T>C
no_barcode_1_632036_T_C_+	no_barcode	1	632036	T	C	+	1	76	T>C	T>C
no_barcode_1_121392202_C_T_+	no_barcode	1	121392202	C	T	+	1	1	C>T	C>T
no_barcode_1_173859701_A_G_+	no_barcode	1	173859701	A	G	+	1	1	A>G	A>G
no_barcode_1_632025_C_T_+	no_barcode	1	632025	C	T	+	1	78	C>T	C>T
no_barcode_1_145745816_T_C_-	no_barcode	1	145745816	T	C	-	1	1	T>C	A>G
no_barcode_1_175010590_C_T_+	no_barcode	1	175010590	C	T	+	1	1	C>T	C>T
no_barcode_1_37587467_T_C_-	no_barcode	1	37587467	T	C	-	1	1	T>C	A>G
no_barcode_1_35602185_G_A_-	no_barcode	1	35602185	G	A	-	1	2	G>A	C>T
no_barcode_1_30872105_C_T_-	no_barcode	1	30872105	C	T	-	1	1	C>T	G>A
no_barcode_1_6591033_G_A_-	no_barcode	1	6591033	G	A	-	1	1	G>A	C>T
no_barcode_1_88834389_A_T_+	no_barcode	1	88834389	A	T	+	1	1	A>T	A>T
no_barcode_1_120467017_A_G_+	no_barcode	1	120467017	A	G	+	1	1	A>G	A>G
no_barcode_1_173863962_C_G_-	no_barcode	1	173863962	C	G	-	1	5	C>G	G>C
no_barcode_1_201471288_G_A_+	no_barcode	1	201471288	G	A	+	1	1	G>A	G>A
no_barcode_1_100872768_T_C_-	no_barcode	1	100872768	T	C	-	1	3	T>C	A>G
no_barcode_1_203818678_A_T_+	no_barcode	1	203818678	A	T	+	1	1	A>T	A>T
no_barcode_1_45617743_C_T_+	no_barcode	1	45617743	C	T	+	1	1	C>T	C>T
no_barcode_1_175010568_C_T_+	no_barcode	1	175010568	C	T	+	1	1	C>T	C>T
no_barcode_1_15937815_T_C_+	no_barcode	1	15937815	T	C	+	1	1	T>C	T>C
no_barcode_1_234606266_G_A_-	no_barcode	1	234606266	G	A	-	1	2	G>A	C>T
no_barcode_1_167789035_C_T_+	no_barcode	1	167789035	C	T	+	1	1	C>T	C>T
no_barcode_1_203818675_C_A_+	no_barcode	1	203818675	C	A	+	1	1	C>A	C>A
no_barcode_1_228097856_T_A_+	no_barcode	1	228097856	T	A	+	1	9	T>A	T>A
no_barcode_1_155247380_A_G_-	no_barcode	1	155247380	A	G	-	1	2	A>G	T>C
no_barcode_1_32680141_A_G_+	no_barcode	1	32680141	A	G	+	2	2	A>G	A>G
no_barcode_1_45160906_C_T_-	no_barcode	1	45160906	C	T	-	1	1	C>T	G>A
no_barcode_1_28499011_T_A_+	no_barcode	1	28499011	T	A	+	1	1	T>A	T>A
no_barcode_1_161162987_G_A_+	no_barcode	1	161162987	G	A	+	1	1	G>A	G>A
no_barcode_1_11975080_A_G_+	no_barcode	1	11975080	A	G	+	1	1	A>G	A>G
no_barcode_1_23509302_A_G_-	no_barcode	1	23509302	A	G	-	1	1	A>G	T>C
no_barcode_1_28214945_G_A_-	no_barcode	1	28214945	G	A	-	1	8	G>A	C>T
no_barcode_1_15428929_A_T_+	no_barcode	1	15428929	A	T	+	1	1	A>T	A>T
no_barcode_1_225790266_C_T_+	no_barcode	1	225790266	C	T	+	1	5	C>T	C>T
no_barcode_1_29148829_C_T_-	no_barcode	1	29148829	C	T	-	1	1	C>T	G>A
no_barcode_1_119726896_G_T_+	no_barcode	1	119726896	G	T	+	1	3	G>T	G>T
no_barcode_1_171704132_C_A_-	no_barcode	1	171704132	C	A	-	1	1	C>A	G>T
no_barcode_1_226146781_G_A_-	no_barcode	1	226146781	G	A	-	1	3	G>A	C>T
no_barcode_1_91614776_C_G_-	no_barcode	1	91614776	C	G	-	1	1	C>G	G>C
no_barcode_1_111766331_T_C_+	no_barcode	1	111766331	T	C	+	2	2	T>C	T>C
no_barcode_1_25900825_G_A_-	no_barcode	1	25900825	G	A	-	1	4	G>A	C>T
no_barcode_1_67170576_C_T_+	no_barcode	1	67170576	C	T	+	1	1	C>T	C>T
no_barcode_1_85018674_G_A_-	no_barcode	1	85018674	G	A	-	1	1	G>A	C>T
no_barcode_1_23760200_C_T_+	no_barcode	1	23760200	C	T	+	1	1	C>T	C>T
no_barcode_1_35603258_G_A_-	no_barcode	1	35603258	G	A	-	1	4	G>A	C>T
no_barcode_1_52431154_T_A_-	no_barcode	1	52431154	T	A	-	1	1	T>A	A>T
no_barcode_1_214644795_C_A_+	no_barcode	1	214644795	C	A	+	1	1	C>A	C>A
no_barcode_1_171270611_C_G_-	no_barcode	1	171270611	C	G	-	1	1	C>G	G>C
no_barcode_1_23695854_T_C_+	no_barcode	1	23695854	T	C	+	1	48	T>C	T>C
no_barcode_1_165909783_T_C_+	no_barcode	1	165909783	T	C	+	2	2	T>C	T>C
no_barcode_1_161854668_A_G_-	no_barcode	1	161854668	A	G	-	1	1	A>G	T>C
no_barcode_1_16395246_G_T_+	no_barcode	1	16395246	G	T	+	1	1	G>T	G>T
no_barcode_1_11975082_C_T_+	no_barcode	1	11975082	C	T	+	1	1	C>T	C>T
no_barcode_1_173859784_A_G_+	no_barcode	1	173859784	A	G	+	1	2	A>G	A>G
no_barcode_1_19357520_C_A_-	no_barcode	1	19357520	C	A	-	1	3	C>A	G>T
no_barcode_1_25900998_G_A_-	no_barcode	1	25900998	G	A	-	1	8	G>A	C>T
no_barcode_1_11680460_C_G_-	no_barcode	1	11680460	C	G	-	1	2	C>G	G>C
no_barcode_1_25340532_T_C_+	no_barcode	1	25340532	T	C	+	1	3	T>C	T>C
no_barcode_1_44207919_T_C_-	no_barcode	1	44207919	T	C	-	1	1	T>C	A>G
no_barcode_1_228099037_C_T_+	no_barcode	1	228099037	C	T	+	1	4	C>T	C>T
no_barcode_1_201957302_C_T_+	no_barcode	1	201957302	C	T	+	1	1	C>T	C>T
no_barcode_1_161213726_C_T_+	no_barcode	1	161213726	C	T	+	2	2	C>T	C>T
no_barcode_1_155320562_G_T_+	no_barcode	1	155320562	G	T	+	1	4	G>T	G>T
no_barcode_1_233384453_T_G_+	no_barcode	1	233384453	T	G	+	1	1	T>G	T>G
no_barcode_1_235548106_G_A_-	no_barcode	1	235548106	G	A	-	1	1	G>A	C>T
no_barcode_1_52355416_T_A_-	no_barcode	1	52355416	T	A	-	1	1	T>A	A>T
no_barcode_1_54032210_T_A_-	no_barcode	1	54032210	T	A	-	1	4	T>A	A>T
no_barcode_1_24672804_C_T_+	no_barcode	1	24672804	C	T	+	1	1	C>T	C>T
no_barcode_1_91387444_T_C_-	no_barcode	1	91387444	T	C	-	12	160	T>C	A>G
no_barcode_1_24390376_G_C_-	no_barcode	1	24390376	G	C	-	1	1	G>C	C>G
no_barcode_1_32226462_T_A_+	no_barcode	1	32226462	T	A	+	1	6	T>A	T>A
no_barcode_1_32231010_A_T_+	no_barcode	1	32231010	A	T	+	1	9	A>T	A>T
no_barcode_1_70353591_G_A_-	no_barcode	1	70353591	G	A	-	1	1	G>A	C>T
no_barcode_1_32605552_A_G_+	no_barcode	1	32605552	A	G	+	1	1	A>G	A>G
no_barcode_1_67170612_C_T_+	no_barcode	1	67170612	C	T	+	1	1	C>T	C>T
no_barcode_1_151400162_T_C_+	no_barcode	1	151400162	T	C	+	1	6	T>C	T>C
no_barcode_1_107058609_C_T_+	no_barcode	1	107058609	C	T	+	1	1	C>T	C>T
no_barcode_1_150998101_G_T_-	no_barcode	1	150998101	G	T	-	2	2	G>T	C>A
no_barcode_1_35178791_A_T_-	no_barcode	1	35178791	A	T	-	1	2	A>T	T>A
no_barcode_1_85174636_A_C_-	no_barcode	1	85174636	A	C	-	1	1	A>C	T>G
no_barcode_1_228180893_A_G_+	no_barcode	1	228180893	A	G	+	1	1	A>G	A>G
no_barcode_1_153644381_T_C_+	no_barcode	1	153644381	T	C	+	1	1	T>C	T>C
no_barcode_1_43623062_G_A_+	no_barcode	1	43623062	G	A	+	1	1	G>A	G>A
no_barcode_1_91049666_C_A_+	no_barcode	1	91049666	C	A	+	3	3	C>A	C>A
no_barcode_1_23760217_C_T_+	no_barcode	1	23760217	C	T	+	1	1	C>T	C>T
no_barcode_1_84490328_C_T_+	no_barcode	1	84490328	C	T	+	1	2	C>T	C>T
no_barcode_1_156591859_G_C_+	no_barcode	1	156591859	G	C	+	1	1	G>C	G>C
no_barcode_1_212100297_C_T_+	no_barcode	1	212100297	C	T	+	2	2	C>T	C>T
no_barcode_1_11077332_C_T_-	no_barcode	1	11077332	C	T	-	1	2	C>T	G>A
no_barcode_1_23801977_C_T_-	no_barcode	1	23801977	C	T	-	1	1	C>T	G>A
no_barcode_1_32894742_G_A_-	no_barcode	1	32894742	G	A	-	1	1	G>A	C>T
no_barcode_1_178411781_T_A_+	no_barcode	1	178411781	T	A	+	6	7	T>A	T>A
no_barcode_1_43545082_C_A_+	no_barcode	1	43545082	C	A	+	1	1	C>A	C>A
no_barcode_1_228097909_C_T_+	no_barcode	1	228097909	C	T	+	1	7	C>T	C>T
no_barcode_1_43620878_A_T_+	no_barcode	1	43620878	A	T	+	1	1	A>T	A>T
no_barcode_1_93530879_A_C_+	no_barcode	1	93530879	A	C	+	1	1	A>C	A>C
no_barcode_1_165727767_G_A_-	no_barcode	1	165727767	G	A	-	1	2	G>A	C>T
no_barcode_1_2390846_T_C_-	no_barcode	1	2390846	T	C	-	1	1	T>C	A>G
no_barcode_1_45207089_C_T_+	no_barcode	1	45207089	C	T	+	1	1	C>T	C>T
no_barcode_1_16605873_T_A_-	no_barcode	1	16605873	T	A	-	1	1	T>A	A>T
no_barcode_1_3844915_C_T_-	no_barcode	1	3844915	C	T	-	1	1	C>T	G>A
no_barcode_1_114538412_G_A_+	no_barcode	1	114538412	G	A	+	1	1	G>A	G>A
no_barcode_1_84497595_C_T_+	no_barcode	1	84497595	C	T	+	1	2	C>T	C>T
no_barcode_1_1534166_G_A_+	no_barcode	1	1534166	G	A	+	1	1	G>A	G>A
no_barcode_1_224968433_A_G_+	no_barcode	1	224968433	A	G	+	1	1	A>G	A>G
no_barcode_1_155751344_A_G_+	no_barcode	1	155751344	A	G	+	1	1	A>G	A>G
no_barcode_1_51361249_T_C_-	no_barcode	1	51361249	T	C	-	1	1	T>C	A>G
no_barcode_1_56495770_G_A_-	no_barcode	1	56495770	G	A	-	1	1	G>A	C>T
no_barcode_1_224157497_C_A_+	no_barcode	1	224157497	C	A	+	1	1	C>A	C>A
no_barcode_1_8866453_T_C_-	no_barcode	1	8866453	T	C	-	1	15	T>C	A>G
no_barcode_1_13614369_C_G_+	no_barcode	1	13614369	C	G	+	1	1	C>G	C>G
no_barcode_1_96679469_T_A_-	no_barcode	1	96679469	T	A	-	1	19	T>A	A>T
no_barcode_1_42700870_C_A_+	no_barcode	1	42700870	C	A	+	1	18	C>A	C>A
no_barcode_1_151168266_C_T_+	no_barcode	1	151168266	C	T	+	2	2	C>T	C>T
no_barcode_1_155289709_C_T_+	no_barcode	1	155289709	C	T	+	1	1	C>T	C>T
no_barcode_1_89772707_C_T_+	no_barcode	1	89772707	C	T	+	1	1	C>T	C>T
no_barcode_1_179862736_T_C_-	no_barcode	1	179862736	T	C	-	1	2	T>C	A>G
no_barcode_1_202471887_A_C_-	no_barcode	1	202471887	A	C	-	1	6	A>C	T>G
no_barcode_1_32060564_C_T_+	no_barcode	1	32060564	C	T	+	1	1	C>T	C>T
no_barcode_1_47413556_G_C_-	no_barcode	1	47413556	G	C	-	1	1	G>C	C>G
no_barcode_1_186361801_A_G_-	no_barcode	1	186361801	A	G	-	1	2	A>G	T>C
no_barcode_1_35189247_G_A_-	no_barcode	1	35189247	G	A	-	1	4	G>A	C>T
no_barcode_1_632035_T_A_+	no_barcode	1	632035	T	A	+	1	76	T>A	T>A
no_barcode_1_8863268_G_A_-	no_barcode	1	8863268	G	A	-	1	26	G>A	C>T
no_barcode_1_203022874_C_T_+	no_barcode	1	203022874	C	T	+	1	2	C>T	C>T
no_barcode_1_111460980_C_T_+	no_barcode	1	111460980	C	T	+	1	2	C>T	C>T
no_barcode_1_9583128_A_G_+	no_barcode	1	9583128	A	G	+	1	1	A>G	A>G
no_barcode_1_154157358_T_A_-	no_barcode	1	154157358	T	A	-	1	1	T>A	A>T
no_barcode_1_225987964_C_A_-	no_barcode	1	225987964	C	A	-	1	1	C>A	G>T
no_barcode_1_92832098_G_T_+	no_barcode	1	92832098	G	T	+	1	10	G>T	G>T
no_barcode_1_35188018_C_T_-	no_barcode	1	35188018	C	T	-	1	2	C>T	G>A
no_barcode_1_207048584_T_G_-	no_barcode	1	207048584	T	G	-	1	1	T>G	A>C
no_barcode_1_173859209_T_C_-	no_barcode	1	173859209	T	C	-	1	1	T>C	A>G
no_barcode_1_35189022_G_A_-	no_barcode	1	35189022	G	A	-	1	3	G>A	C>T
no_barcode_1_149851952_T_C_-	no_barcode	1	149851952	T	C	-	1	1	T>C	A>G
no_barcode_1_632199_C_T_+	no_barcode	1	632199	C	T	+	77	77	C>T	C>T
no_barcode_1_39004692_A_G_+	no_barcode	1	39004692	A	G	+	1	2	A>G	A>G
no_barcode_1_36136699_G_A_-	no_barcode	1	36136699	G	A	-	1	1	G>A	C>T
no_barcode_1_10460800_T_C_-	no_barcode	1	10460800	T	C	-	1	1	T>C	A>G
no_barcode_1_26854338_A_C_+	no_barcode	1	26854338	A	C	+	2	2	A>C	A>C
no_barcode_1_45160960_T_C_-	no_barcode	1	45160960	T	C	-	1	1	T>C	A>G
no_barcode_1_77129103_A_G_+	no_barcode	1	77129103	A	G	+	1	1	A>G	A>G
no_barcode_1_40073556_G_C_-	no_barcode	1	40073556	G	C	-	1	1	G>C	C>G
no_barcode_1_178411744_G_A_+	no_barcode	1	178411744	G	A	+	8	8	G>A	G>A
no_barcode_1_42926618_G_A_-	no_barcode	1	42926618	G	A	-	1	1	G>A	C>T
no_barcode_1_154206783_G_A_-	no_barcode	1	154206783	G	A	-	1	2	G>A	C>T
no_barcode_1_109548744_A_G_+	no_barcode	1	109548744	A	G	+	1	1	A>G	A>G
no_barcode_1_164553821_A_G_+	no_barcode	1	164553821	A	G	+	1	1	A>G	A>G
no_barcode_1_187485_G_A_-	no_barcode	1	187485	G	A	-	1	1	G>A	C>T
no_barcode_1_2399454_C_T_+	no_barcode	1	2399454	C	T	+	1	1	C>T	C>T
no_barcode_1_228099025_C_T_+	no_barcode	1	228099025	C	T	+	1	4	C>T	C>T
no_barcode_1_42700864_A_G_-	no_barcode	1	42700864	A	G	-	1	17	A>G	T>C
no_barcode_1_20653732_G_A_-	no_barcode	1	20653732	G	A	-	1	2	G>A	C>T
no_barcode_1_32668323_C_T_+	no_barcode	1	32668323	C	T	+	1	1	C>T	C>T
no_barcode_1_25832471_A_G_+	no_barcode	1	25832471	A	G	+	1	1	A>G	A>G
no_barcode_1_32198113_G_T_+	no_barcode	1	32198113	G	T	+	1	5	G>T	G>T
no_barcode_1_212100805_T_C_+	no_barcode	1	212100805	T	C	+	1	2	T>C	T>C
no_barcode_1_23967693_A_G_-	no_barcode	1	23967693	A	G	-	1	6	A>G	T>C
no_barcode_1_29148625_G_T_-	no_barcode	1	29148625	G	T	-	1	2	G>T	C>A
no_barcode_1_201881039_C_T_+	no_barcode	1	201881039	C	T	+	1	1	C>T	C>T
no_barcode_1_67000376_G_T_-	no_barcode	1	67000376	G	T	-	1	1	G>T	C>A
no_barcode_1_39034514_G_A_+	no_barcode	1	39034514	G	A	+	3	7	G>A	G>A
no_barcode_1_231266156_G_A_+	no_barcode	1	231266156	G	A	+	1	1	G>A	G>A
no_barcode_1_26261893_A_G_+	no_barcode	1	26261893	A	G	+	1	1	A>G	A>G
no_barcode_1_35116514_A_G_+	no_barcode	1	35116514	A	G	+	1	1	A>G	A>G
no_barcode_1_46276986_A_G_+	no_barcode	1	46276986	A	G	+	1	1	A>G	A>G
no_barcode_1_234607353_G_A_-	no_barcode	1	234607353	G	A	-	1	2	G>A	C>T
no_barcode_1_31908795_G_A_-	no_barcode	1	31908795	G	A	-	1	3	G>A	C>T
no_barcode_1_40738897_C_T_+	no_barcode	1	40738897	C	T	+	2	3	C>T	C>T
no_barcode_1_234393394_C_T_+	no_barcode	1	234393394	C	T	+	1	1	C>T	C>T
no_barcode_1_228108855_G_A_-	no_barcode	1	228108855	G	A	-	1	1	G>A	C>T
no_barcode_1_7970905_G_T_+	no_barcode	1	7970905	G	T	+	1	6	G>T	G>T
no_barcode_1_92832091_G_T_+	no_barcode	1	92832091	G	T	+	1	10	G>T	G>T
no_barcode_1_116403899_C_T_+	no_barcode	1	116403899	C	T	+	1	8	C>T	C>T
no_barcode_1_37540193_G_A_-	no_barcode	1	37540193	G	A	-	1	1	G>A	C>T
no_barcode_1_151401346_T_C_+	no_barcode	1	151401346	T	C	+	1	13	T>C	T>C
no_barcode_1_232984998_T_C_-	no_barcode	1	232984998	T	C	-	1	1	T>C	A>G
no_barcode_1_28499269_A_G_+	no_barcode	1	28499269	A	G	+	1	1	A>G	A>G
no_barcode_1_35602219_C_G_-	no_barcode	1	35602219	C	G	-	1	2	C>G	G>C
no_barcode_1_632208_C_T_+	no_barcode	1	632208	C	T	+	1	106	C>T	C>T
no_barcode_1_180098948_T_C_+	no_barcode	1	180098948	T	C	+	1	1	T>C	T>C
no_barcode_1_220698742_C_T_+	no_barcode	1	220698742	C	T	+	1	1	C>T	C>T
no_barcode_1_230839137_G_A_-	no_barcode	1	230839137	G	A	-	1	1	G>A	C>T
no_barcode_1_224459285_G_A_+	no_barcode	1	224459285	G	A	+	1	1	G>A	G>A
no_barcode_1_161118664_A_C_+	no_barcode	1	161118664	A	C	+	1	1	A>C	A>C
no_barcode_1_96678877_G_A_-	no_barcode	1	96678877	G	A	-	1	5	G>A	C>T
no_barcode_1_45002959_A_T_-	no_barcode	1	45002959	A	T	-	1	1	A>T	T>A
no_barcode_1_45518966_A_G_-	no_barcode	1	45518966	A	G	-	1	10	A>G	T>C
no_barcode_1_97735561_G_C_+	no_barcode	1	97735561	G	C	+	1	1	G>C	G>C
no_barcode_1_12011623_A_G_+	no_barcode	1	12011623	A	G	+	2	2	A>G	A>G
no_barcode_1_155265702_T_C_-	no_barcode	1	155265702	T	C	-	1	1	T>C	A>G
no_barcode_1_87106819_G_T_+	no_barcode	1	87106819	G	T	+	1	1	G>T	G>T
no_barcode_1_224969648_C_T_+	no_barcode	1	224969648	C	T	+	1	2	C>T	C>T
no_barcode_1_234393428_C_T_+	no_barcode	1	234393428	C	T	+	1	2	C>T	C>T
no_barcode_1_27201331_C_A_-	no_barcode	1	27201331	C	A	-	1	1	C>A	G>T
no_barcode_1_114567804_G_T_-	no_barcode	1	114567804	G	T	-	1	1	G>T	C>A
no_barcode_1_112694858_A_T_+	no_barcode	1	112694858	A	T	+	1	1	A>T	A>T
no_barcode_1_26475513_G_T_+	no_barcode	1	26475513	G	T	+	1	19	G>T	G>T
no_barcode_1_236863553_C_T_+	no_barcode	1	236863553	C	T	+	1	1	C>T	C>T
no_barcode_1_151176522_A_G_-	no_barcode	1	151176522	A	G	-	1	5	A>G	T>C
no_barcode_1_63631761_C_T_+	no_barcode	1	63631761	C	T	+	2	2	C>T	C>T
no_barcode_1_224189588_G_A_+	no_barcode	1	224189588	G	A	+	1	1	G>A	G>A
no_barcode_1_63660148_C_T_+	no_barcode	1	63660148	C	T	+	1	1	C>T	C>T
no_barcode_1_225846864_C_G_-	no_barcode	1	225846864	C	G	-	1	1	C>G	G>C
no_barcode_1_220142972_G_C_+	no_barcode	1	220142972	G	C	+	1	3	G>C	G>C
no_barcode_1_150945013_A_T_+	no_barcode	1	150945013	A	T	+	1	2	A>T	A>T
no_barcode_1_52033636_G_A_-	no_barcode	1	52033636	G	A	-	1	1	G>A	C>T
no_barcode_1_92832093_A_C_+	no_barcode	1	92832093	A	C	+	1	10	A>C	A>C
no_barcode_1_92833659_A_T_+	no_barcode	1	92833659	A	T	+	1	36	A>T	A>T
no_barcode_1_944568_A_T_-	no_barcode	1	944568	A	T	-	1	1	A>T	T>A
no_barcode_1_173859762_A_G_+	no_barcode	1	173859762	A	G	+	1	2	A>G	A>G
no_barcode_1_42700866_C_G_-	no_barcode	1	42700866	C	G	-	1	18	C>G	G>C
no_barcode_1_233384014_C_T_+	no_barcode	1	233384014	C	T	+	1	1	C>T	C>T
no_barcode_1_205351271_C_T_+	no_barcode	1	205351271	C	T	+	1	1	C>T	C>T
no_barcode_1_225846837_C_A_-	no_barcode	1	225846837	C	A	-	1	1	C>A	G>T
no_barcode_1_201134854_C_T_-	no_barcode	1	201134854	C	T	-	1	4	C>T	G>A
no_barcode_1_65231750_C_T_+	no_barcode	1	65231750	C	T	+	1	1	C>T	C>T
no_barcode_1_6224482_G_A_-	no_barcode	1	6224482	G	A	-	1	2	G>A	C>T
no_barcode_1_36091765_A_T_+	no_barcode	1	36091765	A	T	+	1	1	A>T	A>T
no_barcode_1_111461001_C_T_+	no_barcode	1	111461001	C	T	+	1	2	C>T	C>T
no_barcode_1_154583790_G_A_-	no_barcode	1	154583790	G	A	-	1	1	G>A	C>T
no_barcode_1_201464815_T_G_-	no_barcode	1	201464815	T	G	-	1	1	T>G	A>C
no_barcode_1_214663767_C_G_+	no_barcode	1	214663767	C	G	+	2	2	C>G	C>G
no_barcode_1_67430013_C_T_-	no_barcode	1	67430013	C	T	-	1	4	C>T	G>A
no_barcode_1_222837346_C_T_+	no_barcode	1	222837346	C	T	+	1	1	C>T	C>T
no_barcode_1_228148442_G_A_+	no_barcode	1	228148442	G	A	+	1	4	G>A	G>A
no_barcode_1_26261968_C_T_+	no_barcode	1	26261968	C	T	+	1	1	C>T	C>T
no_barcode_1_197100806_A_G_-	no_barcode	1	197100806	A	G	-	1	1	A>G	T>C
no_barcode_1_48384847_T_C_-	no_barcode	1	48384847	T	C	-	1	1	T>C	A>G
no_barcode_1_165727746_G_A_-	no_barcode	1	165727746	G	A	-	1	2	G>A	C>T
no_barcode_1_70439650_A_T_+	no_barcode	1	70439650	A	T	+	1	1	A>T	A>T
no_barcode_1_241848847_C_T_+	no_barcode	1	241848847	C	T	+	1	1	C>T	C>T
no_barcode_1_226362025_A_G_-	no_barcode	1	226362025	A	G	-	1	5	A>G	T>C
no_barcode_1_156594060_C_T_+	no_barcode	1	156594060	C	T	+	4	4	C>T	C>T
no_barcode_1_33013370_A_G_-	no_barcode	1	33013370	A	G	-	1	6	A>G	T>C
no_barcode_1_154679528_T_G_+	no_barcode	1	154679528	T	G	+	1	1	T>G	T>G
no_barcode_1_74705566_A_G_-	no_barcode	1	74705566	A	G	-	1	1	A>G	T>C
no_barcode_1_212445997_T_C_+	no_barcode	1	212445997	T	C	+	1	1	T>C	T>C
no_barcode_1_29203187_T_C_-	no_barcode	1	29203187	T	C	-	2	2	T>C	A>G
no_barcode_1_119744105_A_T_+	no_barcode	1	119744105	A	T	+	1	7	A>T	A>T
no_barcode_1_29117163_T_C_+	no_barcode	1	29117163	T	C	+	1	1	T>C	T>C
no_barcode_1_212361106_T_C_+	no_barcode	1	212361106	T	C	+	1	1	T>C	T>C
no_barcode_1_53246063_G_C_-	no_barcode	1	53246063	G	C	-	1	2	G>C	C>G
no_barcode_1_62454150_A_G_+	no_barcode	1	62454150	A	G	+	1	1	A>G	A>G
no_barcode_1_629906_C_T_+	no_barcode	1	629906	C	T	+	9	10	C>T	C>T
no_barcode_1_21706793_G_A_-	no_barcode	1	21706793	G	A	-	1	1	G>A	C>T
no_barcode_1_202767277_C_T_-	no_barcode	1	202767277	C	T	-	1	1	C>T	G>A
no_barcode_1_205719568_C_T_-	no_barcode	1	205719568	C	T	-	1	4	C>T	G>A
no_barcode_1_20652953_G_A_-	no_barcode	1	20652953	G	A	-	1	2	G>A	C>T
no_barcode_1_182878076_T_C_+	no_barcode	1	182878076	T	C	+	1	3	T>C	T>C
no_barcode_1_175158635_C_T_-	no_barcode	1	175158635	C	T	-	1	1	C>T	G>A
no_barcode_1_234393426_C_T_+	no_barcode	1	234393426	C	T	+	1	2	C>T	C>T
no_barcode_1_225777971_A_T_+	no_barcode	1	225777971	A	T	+	1	8	A>T	A>T
no_barcode_1_160277395_G_C_-	no_barcode	1	160277395	G	C	-	1	1	G>C	C>G
no_barcode_1_119729854_T_C_+	no_barcode	1	119729854	T	C	+	1	1	T>C	T>C
no_barcode_1_161958778_G_A_+	no_barcode	1	161958778	G	A	+	1	1	G>A	G>A
no_barcode_1_631968_C_T_+	no_barcode	1	631968	C	T	+	1	101	C>T	C>T
no_barcode_1_43977117_G_T_+	no_barcode	1	43977117	G	T	+	1	4	G>T	G>T
no_barcode_1_26475293_C_T_+	no_barcode	1	26475293	C	T	+	1	6	C>T	C>T
no_barcode_1_15929934_C_A_+	no_barcode	1	15929934	C	A	+	1	1	C>A	C>A
no_barcode_1_19306039_C_T_-	no_barcode	1	19306039	C	T	-	1	1	C>T	G>A
no_barcode_1_244409385_T_A_-	no_barcode	1	244409385	T	A	-	1	2	T>A	A>T
no_barcode_1_150966095_G_A_-	no_barcode	1	150966095	G	A	-	1	1	G>A	C>T
no_barcode_1_112912487_G_A_-	no_barcode	1	112912487	G	A	-	1	3	G>A	C>T
no_barcode_1_25360761_C_T_+	no_barcode	1	25360761	C	T	+	1	2	C>T	C>T
no_barcode_1_39452310_C_A_+	no_barcode	1	39452310	C	A	+	1	1	C>A	C>A
no_barcode_1_71070920_T_A_-	no_barcode	1	71070920	T	A	-	1	1	T>A	A>T
no_barcode_1_9871197_G_T_-	no_barcode	1	9871197	G	T	-	1	1	G>T	C>A
no_barcode_1_6522672_T_C_-	no_barcode	1	6522672	T	C	-	1	1	T>C	A>G
no_barcode_1_22030724_G_T_+	no_barcode	1	22030724	G	T	+	1	2	G>T	G>T
no_barcode_1_6522641_T_C_-	no_barcode	1	6522641	T	C	-	1	1	T>C	A>G
no_barcode_1_151400779_G_T_+	no_barcode	1	151400779	G	T	+	1	8	G>T	G>T
no_barcode_1_151176505_G_A_-	no_barcode	1	151176505	G	A	-	1	2	G>A	C>T
no_barcode_1_22030736_A_T_+	no_barcode	1	22030736	A	T	+	2	3	A>T	A>T
no_barcode_1_45333104_C_T_-	no_barcode	1	45333104	C	T	-	1	1	C>T	G>A
no_barcode_1_182600491_T_C_-	no_barcode	1	182600491	T	C	-	1	1	T>C	A>G
no_barcode_1_86747229_C_A_+	no_barcode	1	86747229	C	A	+	1	1	C>A	C>A
no_barcode_1_185819004_T_C_-	no_barcode	1	185819004	T	C	-	1	1	T>C	A>G
no_barcode_1_220058119_T_C_-	no_barcode	1	220058119	T	C	-	1	1	T>C	A>G
no_barcode_1_92832095_G_C_+	no_barcode	1	92832095	G	C	+	1	10	G>C	G>C
no_barcode_1_112460106_A_T_+	no_barcode	1	112460106	A	T	+	1	1	A>T	A>T
no_barcode_1_25874968_A_T_+	no_barcode	1	25874968	A	T	+	1	1	A>T	A>T
no_barcode_1_9583137_A_G_+	no_barcode	1	9583137	A	G	+	1	1	A>G	A>G
no_barcode_1_109063635_T_C_-	no_barcode	1	109063635	T	C	-	1	1	T>C	A>G
no_barcode_1_202728943_G_A_-	no_barcode	1	202728943	G	A	-	1	1	G>A	C>T
no_barcode_1_2392569_C_T_+	no_barcode	1	2392569	C	T	+	1	1	C>T	C>T
no_barcode_1_37709288_C_T_-	no_barcode	1	37709288	C	T	-	1	2	C>T	G>A
no_barcode_1_168578703_T_A_+	no_barcode	1	168578703	T	A	+	1	1	T>A	T>A
no_barcode_1_32668367_T_C_+	no_barcode	1	32668367	T	C	+	3	3	T>C	T>C
no_barcode_1_48436198_T_C_+	no_barcode	1	48436198	T	C	+	1	1	T>C	T>C
no_barcode_1_153661582_G_T_+	no_barcode	1	153661582	G	T	+	2	2	G>T	G>T
no_barcode_1_154275738_C_T_+	no_barcode	1	154275738	C	T	+	1	4	C>T	C>T
no_barcode_1_205713463_G_A_-	no_barcode	1	205713463	G	A	-	1	5	G>A	C>T
no_barcode_1_12013395_C_T_+	no_barcode	1	12013395	C	T	+	1	2	C>T	C>T
no_barcode_1_155247924_C_G_-	no_barcode	1	155247924	C	G	-	1	1	C>G	G>C
no_barcode_1_167789493_C_T_+	no_barcode	1	167789493	C	T	+	1	1	C>T	C>T
no_barcode_1_37540197_G_A_-	no_barcode	1	37540197	G	A	-	1	1	G>A	C>T
no_barcode_1_226361154_G_A_-	no_barcode	1	226361154	G	A	-	1	5	G>A	C>T
no_barcode_1_92841774_G_A_+	no_barcode	1	92841774	G	A	+	1	35	G>A	G>A
no_barcode_1_179863274_G_T_-	no_barcode	1	179863274	G	T	-	1	1	G>T	C>A
no_barcode_1_41010247_C_G_-	no_barcode	1	41010247	C	G	-	1	1	C>G	G>C
no_barcode_1_94897300_G_A_-	no_barcode	1	94897300	G	A	-	1	2	G>A	C>T
no_barcode_1_212620271_T_C_+	no_barcode	1	212620271	T	C	+	2	2	T>C	T>C
no_barcode_1_10599309_G_A_+	no_barcode	1	10599309	G	A	+	1	1	G>A	G>A
no_barcode_1_151874704_A_G_-	no_barcode	1	151874704	A	G	-	1	1	A>G	T>C
no_barcode_1_151401333_G_A_+	no_barcode	1	151401333	G	A	+	1	13	G>A	G>A
no_barcode_1_204520096_T_A_-	no_barcode	1	204520096	T	A	-	1	1	T>A	A>T
no_barcode_1_173859719_A_G_+	no_barcode	1	173859719	A	G	+	1	1	A>G	A>G
no_barcode_1_173859819_A_G_+	no_barcode	1	173859819	A	G	+	1	1	A>G	A>G
no_barcode_1_228099023_C_T_+	no_barcode	1	228099023	C	T	+	1	4	C>T	C>T
no_barcode_1_2404771_C_T_+	no_barcode	1	2404771	C	T	+	1	1	C>T	C>T
no_barcode_1_175010605_C_T_+	no_barcode	1	175010605	C	T	+	1	1	C>T	C>T
no_barcode_1_84553741_C_T_-	no_barcode	1	84553741	C	T	-	1	1	C>T	G>A
no_barcode_1_156742283_G_T_-	no_barcode	1	156742283	G	T	-	1	8	G>T	C>A
no_barcode_1_209267704_T_C_-	no_barcode	1	209267704	T	C	-	1	1	T>C	A>G
no_barcode_1_25900964_G_A_-	no_barcode	1	25900964	G	A	-	1	8	G>A	C>T
no_barcode_1_29216125_A_G_-	no_barcode	1	29216125	A	G	-	2	2	A>G	T>C
no_barcode_1_88857299_G_A_-	no_barcode	1	88857299	G	A	-	1	1	G>A	C>T
no_barcode_1_175010546_C_T_+	no_barcode	1	175010546	C	T	+	1	1	C>T	C>T
no_barcode_1_85018621_G_A_-	no_barcode	1	85018621	G	A	-	1	1	G>A	C>T
no_barcode_1_235128600_C_A_+	no_barcode	1	235128600	C	A	+	1	5	C>A	C>A
no_barcode_1_202749074_G_A_-	no_barcode	1	202749074	G	A	-	1	1	G>A	C>T
no_barcode_1_39452280_G_T_+	no_barcode	1	39452280	G	T	+	1	1	G>T	G>T
no_barcode_1_634848_A_C_+	no_barcode	1	634848	A	C	+	1	30	A>C	A>C
no_barcode_1_35602076_T_C_-	no_barcode	1	35602076	T	C	-	1	2	T>C	A>G
no_barcode_1_223363394_T_A_-	no_barcode	1	223363394	T	A	-	1	1	T>A	A>T
no_barcode_1_156467827_C_T_-	no_barcode	1	156467827	C	T	-	1	1	C>T	G>A
no_barcode_1_632573_C_A_+	no_barcode	1	632573	C	A	+	1	9	C>A	C>A
no_barcode_1_175010577_C_T_+	no_barcode	1	175010577	C	T	+	1	1	C>T	C>T
no_barcode_1_1374694_C_G_-	no_barcode	1	1374694	C	G	-	1	1	C>G	G>C
no_barcode_1_182942062_G_A_-	no_barcode	1	182942062	G	A	-	1	3	G>A	C>T
no_barcode_1_67687875_C_T_+	no_barcode	1	67687875	C	T	+	1	1	C>T	C>T
no_barcode_1_109062799_A_G_-	no_barcode	1	109062799	A	G	-	1	1	A>G	T>C
no_barcode_1_153991634_G_T_+	no_barcode	1	153991634	G	T	+	1	123	G>T	G>T
no_barcode_1_173859221_T_G_-	no_barcode	1	173859221	T	G	-	1	1	T>G	A>C
no_barcode_1_224305044_C_T_-	no_barcode	1	224305044	C	T	-	1	1	C>T	G>A
no_barcode_1_27405147_C_T_-	no_barcode	1	27405147	C	T	-	1	2	C>T	G>A
no_barcode_1_109094607_C_G_+	no_barcode	1	109094607	C	G	+	1	1	C>G	C>G
no_barcode_1_175010584_C_T_+	no_barcode	1	175010584	C	T	+	1	1	C>T	C>T
no_barcode_1_42926555_G_A_-	no_barcode	1	42926555	G	A	-	1	1	G>A	C>T
no_barcode_1_91614773_T_A_-	no_barcode	1	91614773	T	A	-	1	1	T>A	A>T
no_barcode_1_111766263_C_T_+	no_barcode	1	111766263	C	T	+	1	2	C>T	C>T
no_barcode_1_234393396_C_T_+	no_barcode	1	234393396	C	T	+	1	1	C>T	C>T
no_barcode_1_90916697_C_T_-	no_barcode	1	90916697	C	T	-	1	2	C>T	G>A
no_barcode_1_17413090_G_A_-	no_barcode	1	17413090	G	A	-	1	1	G>A	C>T
no_barcode_1_634068_C_G_+	no_barcode	1	634068	C	G	+	1	64	C>G	C>G
no_barcode_1_224134637_T_A_+	no_barcode	1	224134637	T	A	+	1	1	T>A	T>A
no_barcode_1_40067615_T_G_+	no_barcode	1	40067615	T	G	+	2	2	T>G	T>G
no_barcode_1_68232400_T_C_-	no_barcode	1	68232400	T	C	-	1	1	T>C	A>G
no_barcode_1_151248253_A_T_+	no_barcode	1	151248253	A	T	+	1	4	A>T	A>T
no_barcode_1_26261887_C_T_+	no_barcode	1	26261887	C	T	+	1	1	C>T	C>T
no_barcode_1_151401350_A_C_+	no_barcode	1	151401350	A	C	+	1	12	A>C	A>C
no_barcode_1_46274047_C_T_+	no_barcode	1	46274047	C	T	+	1	1	C>T	C>T
no_barcode_1_160211706_G_T_+	no_barcode	1	160211706	G	T	+	1	2	G>T	G>T
no_barcode_1_114538441_A_G_+	no_barcode	1	114538441	A	G	+	1	1	A>G	A>G
no_barcode_1_175000135_C_T_+	no_barcode	1	175000135	C	T	+	2	2	C>T	C>T
no_barcode_1_150235748_G_C_-	no_barcode	1	150235748	G	C	-	1	2	G>C	C>G
no_barcode_1_156594106_T_C_+	no_barcode	1	156594106	T	C	+	3	3	T>C	T>C
no_barcode_1_109737079_C_T_-	no_barcode	1	109737079	C	T	-	1	1	C>T	G>A
no_barcode_1_154270367_C_A_+	no_barcode	1	154270367	C	A	+	1	3	C>A	C>A
no_barcode_1_226071505_C_A_+	no_barcode	1	226071505	C	A	+	1	6	C>A	C>A
no_barcode_1_109342153_T_G_-	no_barcode	1	109342153	T	G	-	1	1	T>G	A>C
no_barcode_1_149098463_T_C_+	no_barcode	1	149098463	T	C	+	1	1	T>C	T>C
no_barcode_1_231354660_G_T_+	no_barcode	1	231354660	G	T	+	1	1	G>T	G>T
no_barcode_1_1006818_C_A_+	no_barcode	1	1006818	C	A	+	1	1	C>A	C>A
no_barcode_1_153991622_G_C_+	no_barcode	1	153991622	G	C	+	1	121	G>C	G>C
no_barcode_1_91387302_A_G_-	no_barcode	1	91387302	A	G	-	2	175	A>G	T>C
no_barcode_1_183626437_C_T_-	no_barcode	1	183626437	C	T	-	1	3	C>T	G>A
no_barcode_1_228494629_C_G_+	no_barcode	1	228494629	C	G	+	4	4	C>G	C>G
no_barcode_1_212954869_C_T_+	no_barcode	1	212954869	C	T	+	1	1	C>T	C>T
no_barcode_1_71070893_G_C_-	no_barcode	1	71070893	G	C	-	1	3	G>C	C>G
no_barcode_1_175102662_T_C_-	no_barcode	1	175102662	T	C	-	1	1	T>C	A>G
no_barcode_1_40073776_A_C_-	no_barcode	1	40073776	A	C	-	1	1	A>C	T>G
no_barcode_1_107325095_A_C_+	no_barcode	1	107325095	A	C	+	1	1	A>C	A>C
no_barcode_1_42697254_A_G_+	no_barcode	1	42697254	A	G	+	1	17	A>G	A>G
no_barcode_1_111449576_C_G_+	no_barcode	1	111449576	C	G	+	1	5	C>G	C>G
no_barcode_1_40422295_C_T_+	no_barcode	1	40422295	C	T	+	1	1	C>T	C>T
no_barcode_1_70249952_A_T_+	no_barcode	1	70249952	A	T	+	1	3	A>T	A>T
no_barcode_1_111459489_C_T_+	no_barcode	1	111459489	C	T	+	1	4	C>T	C>T
no_barcode_1_632919_A_C_+	no_barcode	1	632919	A	C	+	1	1	A>C	A>C
no_barcode_1_20755347_T_C_-	no_barcode	1	20755347	T	C	-	1	1	T>C	A>G
no_barcode_1_7970933_C_T_+	no_barcode	1	7970933	C	T	+	1	7	C>T	C>T
no_barcode_1_44777734_A_T_+	no_barcode	1	44777734	A	T	+	1	47	A>T	A>T
no_barcode_1_15428948_C_T_+	no_barcode	1	15428948	C	T	+	1	1	C>T	C>T
no_barcode_1_214644805_C_A_+	no_barcode	1	214644805	C	A	+	1	1	C>A	C>A
no_barcode_1_42179099_C_T_-	no_barcode	1	42179099	C	T	-	1	1	C>T	G>A
no_barcode_1_1586962_C_T_-	no_barcode	1	1586962	C	T	-	1	1	C>T	G>A
no_barcode_1_35188074_G_A_-	no_barcode	1	35188074	G	A	-	1	3	G>A	C>T
no_barcode_1_226380046_G_A_-	no_barcode	1	226380046	G	A	-	1	2	G>A	C>T
no_barcode_1_156136923_C_A_+	no_barcode	1	156136923	C	A	+	1	2	C>A	C>A
no_barcode_1_11055141_G_T_-	no_barcode	1	11055141	G	T	-	1	1	G>T	C>A
no_barcode_1_150576147_G_A_-	no_barcode	1	150576147	G	A	-	1	1	G>A	C>T
no_barcode_1_211747822_G_A_-	no_barcode	1	211747822	G	A	-	1	1	G>A	C>T
no_barcode_1_11750462_T_C_+	no_barcode	1	11750462	T	C	+	1	1	T>C	T>C
no_barcode_1_232445690_G_A_-	no_barcode	1	232445690	G	A	-	1	1	G>A	C>T
no_barcode_1_235051688_G_A_-	no_barcode	1	235051688	G	A	-	1	1	G>A	C>T
no_barcode_1_109063574_T_C_-	no_barcode	1	109063574	T	C	-	1	1	T>C	A>G
no_barcode_1_156594021_G_A_+	no_barcode	1	156594021	G	A	+	3	3	G>A	G>A
no_barcode_1_43170813_C_G_-	no_barcode	1	43170813	C	G	-	1	1	C>G	G>C
no_barcode_1_114727027_C_G_-	no_barcode	1	114727027	C	G	-	1	5	C>G	G>C
no_barcode_1_205717083_A_G_-	no_barcode	1	205717083	A	G	-	1	4	A>G	T>C
no_barcode_1_944296_G_A_-	no_barcode	1	944296	G	A	-	1	2	G>A	C>T
no_barcode_1_120952468_T_C_+	no_barcode	1	120952468	T	C	+	1	1	T>C	T>C
no_barcode_1_21484264_A_G_+	no_barcode	1	21484264	A	G	+	1	1	A>G	A>G
no_barcode_1_67430204_C_T_-	no_barcode	1	67430204	C	T	-	1	10	C>T	G>A
no_barcode_1_230839159_G_A_-	no_barcode	1	230839159	G	A	-	1	1	G>A	C>T
no_barcode_1_23970528_T_G_-	no_barcode	1	23970528	T	G	-	1	1	T>G	A>C
no_barcode_1_231332860_A_G_-	no_barcode	1	231332860	A	G	-	1	1	A>G	T>C
no_barcode_1_44777717_C_T_+	no_barcode	1	44777717	C	T	+	1	54	C>T	C>T
no_barcode_1_33299678_A_T_+	no_barcode	1	33299678	A	T	+	1	1	A>T	A>T
no_barcode_1_150474922_A_G_+	no_barcode	1	150474922	A	G	+	1	1	A>G	A>G
no_barcode_1_67687781_C_A_+	no_barcode	1	67687781	C	A	+	1	4	C>A	C>A
no_barcode_1_153662118_G_A_-	no_barcode	1	153662118	G	A	-	1	4	G>A	C>T
no_barcode_1_225920175_A_T_-	no_barcode	1	225920175	A	T	-	1	3	A>T	T>A
no_barcode_1_156595130_C_T_+	no_barcode	1	156595130	C	T	+	1	2	C>T	C>T
no_barcode_1_211747885_G_A_-	no_barcode	1	211747885	G	A	-	1	1	G>A	C>T
no_barcode_1_109063548_T_C_-	no_barcode	1	109063548	T	C	-	1	1	T>C	A>G
no_barcode_1_7779948_C_A_+	no_barcode	1	7779948	C	A	+	1	2	C>A	C>A
no_barcode_1_93877008_C_A_-	no_barcode	1	93877008	C	A	-	1	1	C>A	G>T
no_barcode_1_154206809_G_A_-	no_barcode	1	154206809	G	A	-	1	2	G>A	C>T
no_barcode_1_87103449_G_A_+	no_barcode	1	87103449	G	A	+	1	1	G>A	G>A
no_barcode_1_179862745_T_C_-	no_barcode	1	179862745	T	C	-	1	2	T>C	A>G
no_barcode_1_214644790_G_A_+	no_barcode	1	214644790	G	A	+	1	1	G>A	G>A
no_barcode_1_32605549_A_G_+	no_barcode	1	32605549	A	G	+	1	1	A>G	A>G
no_barcode_1_96679473_T_A_-	no_barcode	1	96679473	T	A	-	1	16	T>A	A>T
no_barcode_1_46310257_C_T_+	no_barcode	1	46310257	C	T	+	1	15	C>T	C>T
no_barcode_1_28237120_C_T_+	no_barcode	1	28237120	C	T	+	1	1	C>T	C>T
no_barcode_1_33028435_T_C_-	no_barcode	1	33028435	T	C	-	1	1	T>C	A>G
no_barcode_1_40758165_C_T_+	no_barcode	1	40758165	C	T	+	1	1	C>T	C>T
no_barcode_1_23695819_A_T_+	no_barcode	1	23695819	A	T	+	1	54	A>T	A>T
no_barcode_1_165727716_G_A_-	no_barcode	1	165727716	G	A	-	1	3	G>A	C>T
no_barcode_1_45518988_G_T_-	no_barcode	1	45518988	G	T	-	1	6	G>T	C>A
no_barcode_1_11023378_C_T_+	no_barcode	1	11023378	C	T	+	1	1	C>T	C>T
no_barcode_1_161206567_G_T_+	no_barcode	1	161206567	G	T	+	1	3	G>T	G>T
no_barcode_1_32605540_A_G_+	no_barcode	1	32605540	A	G	+	1	1	A>G	A>G
no_barcode_1_36462124_A_G_-	no_barcode	1	36462124	A	G	-	1	2	A>G	T>C
no_barcode_1_23509254_C_T_-	no_barcode	1	23509254	C	T	-	1	1	C>T	G>A
no_barcode_1_24841458_T_C_+	no_barcode	1	24841458	T	C	+	1	1	T>C	T>C
no_barcode_1_180889108_G_A_+	no_barcode	1	180889108	G	A	+	1	1	G>A	G>A
no_barcode_1_91614777_A_C_-	no_barcode	1	91614777	A	C	-	1	1	A>C	T>G
no_barcode_1_40067654_T_G_+	no_barcode	1	40067654	T	G	+	2	3	T>G	T>G
no_barcode_1_181055268_G_A_+	no_barcode	1	181055268	G	A	+	1	1	G>A	G>A
no_barcode_1_153992138_C_G_-	no_barcode	1	153992138	C	G	-	1	5	C>G	G>C
no_barcode_1_204520074_G_A_-	no_barcode	1	204520074	G	A	-	1	1	G>A	C>T
no_barcode_1_23692745_C_T_+	no_barcode	1	23692745	C	T	+	1	40	C>T	C>T
no_barcode_1_155330671_C_T_+	no_barcode	1	155330671	C	T	+	1	2	C>T	C>T
no_barcode_1_226360853_A_G_+	no_barcode	1	226360853	A	G	+	1	1	A>G	A>G
no_barcode_1_182383484_G_A_-	no_barcode	1	182383484	G	A	-	1	3	G>A	C>T
no_barcode_1_6193013_A_G_-	no_barcode	1	6193013	A	G	-	1	12	A>G	T>C
no_barcode_1_91387392_T_C_-	no_barcode	1	91387392	T	C	-	1	165	T>C	A>G
no_barcode_1_45615354_C_T_+	no_barcode	1	45615354	C	T	+	1	6	C>T	C>T
no_barcode_1_150575254_G_A_-	no_barcode	1	150575254	G	A	-	1	2	G>A	C>T
no_barcode_1_91387278_G_A_-	no_barcode	1	91387278	G	A	-	1	130	G>A	C>T
no_barcode_1_15218914_G_T_+	no_barcode	1	15218914	G	T	+	1	1	G>T	G>T
no_barcode_1_28238059_C_T_+	no_barcode	1	28238059	C	T	+	1	3	C>T	C>T
no_barcode_1_41020850_G_T_+	no_barcode	1	41020850	G	T	+	1	1	G>T	G>T
no_barcode_1_35389994_C_T_+	no_barcode	1	35389994	C	T	+	1	1	C>T	C>T
no_barcode_1_206696115_A_G_-	no_barcode	1	206696115	A	G	-	5	5	A>G	T>C
no_barcode_1_236899005_A_G_+	no_barcode	1	236899005	A	G	+	1	1	A>G	A>G
no_barcode_1_70251752_C_T_+	no_barcode	1	70251752	C	T	+	1	2	C>T	C>T
no_barcode_1_24157001_A_G_-	no_barcode	1	24157001	A	G	-	1	1	A>G	T>C
no_barcode_1_228099031_C_T_+	no_barcode	1	228099031	C	T	+	1	4	C>T	C>T
no_barcode_1_236595587_T_C_-	no_barcode	1	236595587	T	C	-	1	1	T>C	A>G
no_barcode_1_44776679_G_A_+	no_barcode	1	44776679	G	A	+	1	49	G>A	G>A
no_barcode_1_9723209_C_A_+	no_barcode	1	9723209	C	A	+	1	1	C>A	C>A
no_barcode_1_220102203_A_T_+	no_barcode	1	220102203	A	T	+	1	1	A>T	A>T
no_barcode_1_85174645_T_C_-	no_barcode	1	85174645	T	C	-	1	1	T>C	A>G
no_barcode_1_161102076_A_G_-	no_barcode	1	161102076	A	G	-	1	5	A>G	T>C
no_barcode_1_37540206_G_A_-	no_barcode	1	37540206	G	A	-	1	1	G>A	C>T
no_barcode_1_91387343_C_T_-	no_barcode	1	91387343	C	T	-	1	175	C>T	G>A
no_barcode_1_17044811_G_A_-	no_barcode	1	17044811	G	A	-	1	2	G>A	C>T
no_barcode_1_160211691_G_T_+	no_barcode	1	160211691	G	T	+	1	1	G>T	G>T
no_barcode_1_36305205_C_G_+	no_barcode	1	36305205	C	G	+	1	1	C>G	C>G
no_barcode_1_85018682_G_A_-	no_barcode	1	85018682	G	A	-	1	1	G>A	C>T
no_barcode_1_155247762_A_G_-	no_barcode	1	155247762	A	G	-	1	4	A>G	T>C
no_barcode_1_1752724_G_A_-	no_barcode	1	1752724	G	A	-	1	3	G>A	C>T
no_barcode_1_171592086_C_T_+	no_barcode	1	171592086	C	T	+	1	1	C>T	C>T
no_barcode_1_160215316_C_T_+	no_barcode	1	160215316	C	T	+	1	1	C>T	C>T
no_barcode_1_109096901_C_T_-	no_barcode	1	109096901	C	T	-	1	1	C>T	G>A
no_barcode_1_156312152_G_C_-	no_barcode	1	156312152	G	C	-	1	6	G>C	C>G
no_barcode_1_161171642_C_G_-	no_barcode	1	161171642	C	G	-	1	2	C>G	G>C
no_barcode_1_244855563_T_A_-	no_barcode	1	244855563	T	A	-	1	2	T>A	A>T
no_barcode_1_92832100_T_G_+	no_barcode	1	92832100	T	G	+	1	10	T>G	T>G
no_barcode_1_153991171_G_T_+	no_barcode	1	153991171	G	T	+	1	56	G>T	G>T
no_barcode_1_175010578_C_T_+	no_barcode	1	175010578	C	T	+	1	1	C>T	C>T
no_barcode_1_23795111_C_T_+	no_barcode	1	23795111	C	T	+	1	1	C>T	C>T
no_barcode_1_109592492_C_T_+	no_barcode	1	109592492	C	T	+	1	2	C>T	C>T
no_barcode_1_178411783_T_G_+	no_barcode	1	178411783	T	G	+	6	7	T>G	T>G
no_barcode_1_28499261_A_G_+	no_barcode	1	28499261	A	G	+	1	1	A>G	A>G
no_barcode_1_200665962_G_A_-	no_barcode	1	200665962	G	A	-	1	1	G>A	C>T
no_barcode_1_88834318_G_T_+	no_barcode	1	88834318	G	T	+	1	1	G>T	G>T
no_barcode_1_109736790_T_A_-	no_barcode	1	109736790	T	A	-	1	1	T>A	A>T
no_barcode_1_225843364_G_A_-	no_barcode	1	225843364	G	A	-	1	1	G>A	C>T
no_barcode_1_153959352_G_A_-	no_barcode	1	153959352	G	A	-	1	3	G>A	C>T
no_barcode_1_32680168_C_G_+	no_barcode	1	32680168	C	G	+	1	6	C>G	C>G
no_barcode_1_156743720_C_T_-	no_barcode	1	156743720	C	T	-	1	1	C>T	G>A
no_barcode_1_1342153_T_C_+	no_barcode	1	1342153	T	C	+	1	2	T>C	T>C
no_barcode_1_204520088_T_C_-	no_barcode	1	204520088	T	C	-	1	1	T>C	A>G
no_barcode_1_160213133_A_T_+	no_barcode	1	160213133	A	T	+	1	2	A>T	A>T
no_barcode_1_8861149_C_A_-	no_barcode	1	8861149	C	A	-	1	37	C>A	G>T
no_barcode_1_91614778_C_A_-	no_barcode	1	91614778	C	A	-	1	1	C>A	G>T
no_barcode_1_36305169_C_T_+	no_barcode	1	36305169	C	T	+	1	1	C>T	C>T
no_barcode_1_54218183_C_G_+	no_barcode	1	54218183	C	G	+	1	2	C>G	C>G
no_barcode_1_197506778_C_A_-	no_barcode	1	197506778	C	A	-	1	1	C>A	G>T
no_barcode_1_214644786_C_G_+	no_barcode	1	214644786	C	G	+	1	1	C>G	C>G
no_barcode_1_114732736_G_A_-	no_barcode	1	114732736	G	A	-	1	1	G>A	C>T
no_barcode_1_77129125_C_T_+	no_barcode	1	77129125	C	T	+	1	1	C>T	C>T
no_barcode_1_205789240_T_C_+	no_barcode	1	205789240	T	C	+	1	1	T>C	T>C
no_barcode_1_150266595_A_T_-	no_barcode	1	150266595	A	T	-	1	3	A>T	T>A
no_barcode_1_151400839_G_A_+	no_barcode	1	151400839	G	A	+	1	9	G>A	G>A
no_barcode_1_219968730_G_A_-	no_barcode	1	219968730	G	A	-	1	1	G>A	C>T
no_barcode_1_175014705_A_C_-	no_barcode	1	175014705	A	C	-	1	2	A>C	T>G
no_barcode_1_197084243_G_A_-	no_barcode	1	197084243	G	A	-	1	1	G>A	C>T
no_barcode_1_28203811_C_A_+	no_barcode	1	28203811	C	A	+	1	4	C>A	C>A
no_barcode_1_28536378_G_A_+	no_barcode	1	28536378	G	A	+	1	2	G>A	G>A
no_barcode_1_234393410_C_T_+	no_barcode	1	234393410	C	T	+	1	1	C>T	C>T
no_barcode_1_40070844_T_C_+	no_barcode	1	40070844	T	C	+	1	2	T>C	T>C
no_barcode_1_9672543_T_C_-	no_barcode	1	9672543	T	C	-	1	1	T>C	A>G
no_barcode_1_173865506_T_A_-	no_barcode	1	173865506	T	A	-	1	4	T>A	A>T
no_barcode_1_35602216_T_C_-	no_barcode	1	35602216	T	C	-	2	2	T>C	A>G
no_barcode_1_91387248_G_A_-	no_barcode	1	91387248	G	A	-	1	43	G>A	C>T
no_barcode_1_173859744_A_G_+	no_barcode	1	173859744	A	G	+	2	2	A>G	A>G
no_barcode_1_45160903_G_C_-	no_barcode	1	45160903	G	C	-	1	1	G>C	C>G
no_barcode_1_32060562_C_T_+	no_barcode	1	32060562	C	T	+	1	1	C>T	C>T
no_barcode_1_28535317_G_T_+	no_barcode	1	28535317	G	T	+	1	1	G>T	G>T
no_barcode_1_67170635_C_T_+	no_barcode	1	67170635	C	T	+	1	1	C>T	C>T
no_barcode_1_156595130_C_T_-	no_barcode	1	156595130	C	T	-	1	2	C>T	G>A
no_barcode_1_70250844_A_T_+	no_barcode	1	70250844	A	T	+	1	4	A>T	A>T
no_barcode_1_179863280_T_A_-	no_barcode	1	179863280	T	A	-	1	1	T>A	A>T
no_barcode_1_179862748_T_C_-	no_barcode	1	179862748	T	C	-	1	2	T>C	A>G
no_barcode_1_150575271_G_A_-	no_barcode	1	150575271	G	A	-	1	1	G>A	C>T
no_barcode_1_156477111_T_C_-	no_barcode	1	156477111	T	C	-	1	1	T>C	A>G
no_barcode_1_167425601_A_T_+	no_barcode	1	167425601	A	T	+	1	1	A>T	A>T
no_barcode_1_155269048_G_A_-	no_barcode	1	155269048	G	A	-	1	2	G>A	C>T
no_barcode_1_202728941_G_A_-	no_barcode	1	202728941	G	A	-	1	1	G>A	C>T
no_barcode_1_3746281_A_G_-	no_barcode	1	3746281	A	G	-	1	2	A>G	T>C
no_barcode_1_6523021_C_T_-	no_barcode	1	6523021	C	T	-	1	1	C>T	G>A
no_barcode_1_150507501_A_G_+	no_barcode	1	150507501	A	G	+	1	1	A>G	A>G
no_barcode_1_173859774_A_G_+	no_barcode	1	173859774	A	G	+	1	2	A>G	A>G
no_barcode_1_201876742_C_T_+	no_barcode	1	201876742	C	T	+	1	1	C>T	C>T
no_barcode_1_23694702_G_A_+	no_barcode	1	23694702	G	A	+	1	39	G>A	G>A
no_barcode_1_46303784_G_T_+	no_barcode	1	46303784	G	T	+	1	8	G>T	G>T
no_barcode_1_154207203_T_C_-	no_barcode	1	154207203	T	C	-	5	6	T>C	A>G
no_barcode_1_232985844_T_A_-	no_barcode	1	232985844	T	A	-	1	1	T>A	A>T
no_barcode_1_147255868_T_G_+	no_barcode	1	147255868	T	G	+	1	1	T>G	T>G
no_barcode_1_70221777_G_T_+	no_barcode	1	70221777	G	T	+	1	1	G>T	G>T
no_barcode_1_107571390_G_T_-	no_barcode	1	107571390	G	T	-	1	1	G>T	C>A
no_barcode_1_154583016_T_C_-	no_barcode	1	154583016	T	C	-	1	1	T>C	A>G
no_barcode_1_54032266_G_A_-	no_barcode	1	54032266	G	A	-	1	4	G>A	C>T
no_barcode_1_9583097_A_G_+	no_barcode	1	9583097	A	G	+	1	1	A>G	A>G
no_barcode_1_167425592_A_C_+	no_barcode	1	167425592	A	C	+	1	1	A>C	A>C
no_barcode_1_153991639_C_T_+	no_barcode	1	153991639	C	T	+	1	110	C>T	C>T
no_barcode_1_28587269_G_A_-	no_barcode	1	28587269	G	A	-	1	1	G>A	C>T
no_barcode_1_91049630_A_G_+	no_barcode	1	91049630	A	G	+	2	2	A>G	A>G
no_barcode_1_27823222_C_A_+	no_barcode	1	27823222	C	A	+	1	1	C>A	C>A
no_barcode_1_46361752_T_C_+	no_barcode	1	46361752	T	C	+	1	1	T>C	T>C
no_barcode_1_201135588_G_A_-	no_barcode	1	201135588	G	A	-	1	5	G>A	C>T
no_barcode_1_633400_C_A_+	no_barcode	1	633400	C	A	+	1	8	C>A	C>A
no_barcode_1_67413203_C_T_-	no_barcode	1	67413203	C	T	-	1	8	C>T	G>A
no_barcode_1_11023681_C_T_+	no_barcode	1	11023681	C	T	+	1	3	C>T	C>T
no_barcode_1_109063570_T_C_-	no_barcode	1	109063570	T	C	-	1	1	T>C	A>G
no_barcode_1_26941520_G_A_-	no_barcode	1	26941520	G	A	-	1	1	G>A	C>T
no_barcode_1_178411773_G_A_+	no_barcode	1	178411773	G	A	+	8	8	G>A	G>A
no_barcode_1_45160908_G_A_-	no_barcode	1	45160908	G	A	-	1	1	G>A	C>T
no_barcode_1_84490366_A_G_+	no_barcode	1	84490366	A	G	+	1	2	A>G	A>G
no_barcode_1_165727705_G_A_-	no_barcode	1	165727705	G	A	-	1	2	G>A	C>T
no_barcode_1_1599234_T_C_-	no_barcode	1	1599234	T	C	-	1	1	T>C	A>G
no_barcode_1_147287714_G_T_+	no_barcode	1	147287714	G	T	+	1	2	G>T	G>T
no_barcode_1_62448464_G_A_+	no_barcode	1	62448464	G	A	+	1	1	G>A	G>A
no_barcode_1_632643_A_G_+	no_barcode	1	632643	A	G	+	1	19	A>G	A>G
no_barcode_1_224159257_G_A_+	no_barcode	1	224159257	G	A	+	1	1	G>A	G>A
no_barcode_1_8861143_C_G_-	no_barcode	1	8861143	C	G	-	1	38	C>G	G>C
no_barcode_1_226361214_G_A_-	no_barcode	1	226361214	G	A	-	1	10	G>A	C>T
no_barcode_1_151400535_G_T_+	no_barcode	1	151400535	G	T	+	1	4	G>T	G>T
no_barcode_1_228394248_A_G_-	no_barcode	1	228394248	A	G	-	1	1	A>G	T>C
no_barcode_1_212954862_C_T_+	no_barcode	1	212954862	C	T	+	1	1	C>T	C>T
no_barcode_1_156742264_T_G_-	no_barcode	1	156742264	T	G	-	1	7	T>G	A>C
no_barcode_1_114567776_C_A_-	no_barcode	1	114567776	C	A	-	1	1	C>A	G>T
no_barcode_1_155738173_G_A_+	no_barcode	1	155738173	G	A	+	1	1	G>A	G>A
no_barcode_1_28982550_A_G_-	no_barcode	1	28982550	A	G	-	1	1	A>G	T>C
no_barcode_1_171704096_G_A_-	no_barcode	1	171704096	G	A	-	1	1	G>A	C>T
no_barcode_1_43167215_C_A_-	no_barcode	1	43167215	C	A	-	1	3	C>A	G>T
no_barcode_1_151341298_A_G_-	no_barcode	1	151341298	A	G	-	1	1	A>G	T>C
no_barcode_1_36305144_C_T_+	no_barcode	1	36305144	C	T	+	1	1	C>T	C>T
no_barcode_1_43671777_A_T_+	no_barcode	1	43671777	A	T	+	1	1	A>T	A>T
no_barcode_1_116393697_T_C_+	no_barcode	1	116393697	T	C	+	1	3	T>C	T>C
no_barcode_1_154978903_C_T_+	no_barcode	1	154978903	C	T	+	1	3	C>T	C>T
no_barcode_1_23693885_C_A_+	no_barcode	1	23693885	C	A	+	1	37	C>A	C>A
no_barcode_1_168251169_A_G_+	no_barcode	1	168251169	A	G	+	1	1	A>G	A>G
no_barcode_1_154965594_G_A_-	no_barcode	1	154965594	G	A	-	1	2	G>A	C>T
no_barcode_1_117075465_A_T_+	no_barcode	1	117075465	A	T	+	1	1	A>T	A>T
no_barcode_1_154599809_A_T_-	no_barcode	1	154599809	A	T	-	1	1	A>T	T>A
no_barcode_1_202746156_G_A_-	no_barcode	1	202746156	G	A	-	1	1	G>A	C>T
no_barcode_1_168250881_A_C_+	no_barcode	1	168250881	A	C	+	1	1	A>C	A>C
no_barcode_1_47376759_G_A_+	no_barcode	1	47376759	G	A	+	1	1	G>A	G>A
no_barcode_1_91265869_T_G_-	no_barcode	1	91265869	T	G	-	1	1	T>G	A>C
no_barcode_1_201969867_C_T_+	no_barcode	1	201969867	C	T	+	2	2	C>T	C>T
no_barcode_1_150308112_T_C_+	no_barcode	1	150308112	T	C	+	3	3	T>C	T>C
no_barcode_1_85018608_G_A_-	no_barcode	1	85018608	G	A	-	1	1	G>A	C>T
no_barcode_1_91614768_G_T_-	no_barcode	1	91614768	G	T	-	1	1	G>T	C>A
no_barcode_1_20806650_C_A_-	no_barcode	1	20806650	C	A	-	1	1	C>A	G>T
no_barcode_1_92836307_G_A_+	no_barcode	1	92836307	G	A	+	1	41	G>A	G>A
no_barcode_1_243708317_C_T_-	no_barcode	1	243708317	C	T	-	1	1	C>T	G>A
no_barcode_1_220062759_T_C_-	no_barcode	1	220062759	T	C	-	1	3	T>C	A>G
no_barcode_1_926250_G_A_+	no_barcode	1	926250	G	A	+	1	1	G>A	G>A
no_barcode_1_109096887_C_T_-	no_barcode	1	109096887	C	T	-	1	1	C>T	G>A
no_barcode_1_225402647_C_T_-	no_barcode	1	225402647	C	T	-	1	1	C>T	G>A
no_barcode_1_945106_G_A_-	no_barcode	1	945106	G	A	-	1	2	G>A	C>T
no_barcode_1_150814190_A_T_-	no_barcode	1	150814190	A	T	-	1	1	A>T	T>A
no_barcode_1_225839329_G_A_+	no_barcode	1	225839329	G	A	+	1	2	G>A	G>A
no_barcode_1_180265507_T_G_-	no_barcode	1	180265507	T	G	-	1	1	T>G	A>C
no_barcode_1_226146797_G_A_-	no_barcode	1	226146797	G	A	-	1	2	G>A	C>T
no_barcode_1_10442397_G_A_+	no_barcode	1	10442397	G	A	+	2	2	G>A	G>A
no_barcode_1_68474225_A_G_-	no_barcode	1	68474225	A	G	-	1	1	A>G	T>C
no_barcode_1_23694780_G_T_+	no_barcode	1	23694780	G	T	+	1	46	G>T	G>T
no_barcode_1_224157516_C_A_+	no_barcode	1	224157516	C	A	+	1	1	C>A	C>A
no_barcode_1_227919942_T_C_-	no_barcode	1	227919942	T	C	-	1	1	T>C	A>G
no_barcode_1_114089358_C_T_-	no_barcode	1	114089358	C	T	-	1	1	C>T	G>A
no_barcode_1_182602103_T_C_-	no_barcode	1	182602103	T	C	-	1	1	T>C	A>G
no_barcode_1_16059952_G_C_-	no_barcode	1	16059952	G	C	-	1	1	G>C	C>G
no_barcode_1_29148882_C_G_+	no_barcode	1	29148882	C	G	+	1	2	C>G	C>G
no_barcode_1_27823266_G_A_+	no_barcode	1	27823266	G	A	+	1	1	G>A	G>A
no_barcode_1_44207877_T_C_-	no_barcode	1	44207877	T	C	-	1	1	T>C	A>G
no_barcode_1_54027376_G_A_-	no_barcode	1	54027376	G	A	-	1	1	G>A	C>T
no_barcode_1_154260450_A_T_+	no_barcode	1	154260450	A	T	+	1	2	A>T	A>T
no_barcode_1_156548587_G_A_-	no_barcode	1	156548587	G	A	-	1	1	G>A	C>T
no_barcode_1_37540210_G_A_-	no_barcode	1	37540210	G	A	-	1	1	G>A	C>T
no_barcode_1_156058364_C_A_+	no_barcode	1	156058364	C	A	+	1	2	C>A	C>A
no_barcode_1_226062800_A_T_+	no_barcode	1	226062800	A	T	+	1	12	A>T	A>T
no_barcode_1_6522629_T_C_-	no_barcode	1	6522629	T	C	-	1	1	T>C	A>G
no_barcode_1_26475186_C_T_+	no_barcode	1	26475186	C	T	+	1	3	C>T	C>T
no_barcode_1_201955486_C_T_+	no_barcode	1	201955486	C	T	+	1	1	C>T	C>T
no_barcode_1_15605023_C_T_+	no_barcode	1	15605023	C	T	+	1	1	C>T	C>T
no_barcode_1_154599810_G_C_-	no_barcode	1	154599810	G	C	-	1	1	G>C	C>G
no_barcode_1_16992516_G_A_-	no_barcode	1	16992516	G	A	-	1	1	G>A	C>T
no_barcode_1_96679487_G_T_-	no_barcode	1	96679487	G	T	-	1	8	G>T	C>A
no_barcode_1_156266546_C_G_-	no_barcode	1	156266546	C	G	-	1	2	C>G	G>C
no_barcode_1_9601106_A_T_+	no_barcode	1	9601106	A	T	+	1	2	A>T	A>T
no_barcode_1_53246063_G_C_+	no_barcode	1	53246063	G	C	+	1	2	G>C	G>C
no_barcode_1_634062_A_G_+	no_barcode	1	634062	A	G	+	1	68	A>G	A>G
no_barcode_1_32780201_C_G_-	no_barcode	1	32780201	C	G	-	1	2	C>G	G>C
no_barcode_1_35448246_G_A_-	no_barcode	1	35448246	G	A	-	1	1	G>A	C>T
no_barcode_1_8864074_G_A_-	no_barcode	1	8864074	G	A	-	1	26	G>A	C>T
no_barcode_1_150574705_T_A_-	no_barcode	1	150574705	T	A	-	1	2	T>A	A>T
no_barcode_1_150729190_C_G_-	no_barcode	1	150729190	C	G	-	1	1	C>G	G>C
no_barcode_1_91387328_G_A_-	no_barcode	1	91387328	G	A	-	1	200	G>A	C>T
no_barcode_1_36180475_C_T_+	no_barcode	1	36180475	C	T	+	1	3	C>T	C>T
no_barcode_1_45003450_G_T_-	no_barcode	1	45003450	G	T	-	1	1	G>T	C>A
no_barcode_1_15428596_C_T_+	no_barcode	1	15428596	C	T	+	1	1	C>T	C>T
no_barcode_1_1395414_G_A_-	no_barcode	1	1395414	G	A	-	1	2	G>A	C>T
no_barcode_1_1735932_A_G_-	no_barcode	1	1735932	A	G	-	1	1	A>G	T>C
no_barcode_1_228098980_C_T_+	no_barcode	1	228098980	C	T	+	1	3	C>T	C>T
no_barcode_1_219968727_A_C_-	no_barcode	1	219968727	A	C	-	1	1	A>C	T>G
no_barcode_1_153959669_C_G_-	no_barcode	1	153959669	C	G	-	1	3	C>G	G>C
no_barcode_1_46310304_G_A_+	no_barcode	1	46310304	G	A	+	1	14	G>A	G>A
no_barcode_1_228097166_A_G_+	no_barcode	1	228097166	A	G	+	1	8	A>G	A>G
no_barcode_1_112529543_C_T_+	no_barcode	1	112529543	C	T	+	1	1	C>T	C>T
no_barcode_1_150617290_A_G_-	no_barcode	1	150617290	A	G	-	1	1	A>G	T>C
no_barcode_1_632650_G_T_+	no_barcode	1	632650	G	T	+	1	16	G>T	G>T
no_barcode_1_171270632_G_A_-	no_barcode	1	171270632	G	A	-	1	1	G>A	C>T
no_barcode_1_109313684_G_A_+	no_barcode	1	109313684	G	A	+	1	1	G>A	G>A
no_barcode_1_156738726_C_T_+	no_barcode	1	156738726	C	T	+	1	2	C>T	C>T
no_barcode_1_91514890_A_G_+	no_barcode	1	91514890	A	G	+	1	2	A>G	A>G
no_barcode_1_182941993_G_A_-	no_barcode	1	182941993	G	A	-	1	5	G>A	C>T
no_barcode_1_156742434_G_A_-	no_barcode	1	156742434	G	A	-	1	2	G>A	C>T
no_barcode_1_211747831_G_A_-	no_barcode	1	211747831	G	A	-	1	1	G>A	C>T
no_barcode_1_32605611_A_G_+	no_barcode	1	32605611	A	G	+	1	1	A>G	A>G
no_barcode_1_22030724_G_T_-	no_barcode	1	22030724	G	T	-	1	2	G>T	C>A
no_barcode_1_219968683_G_A_-	no_barcode	1	219968683	G	A	-	1	1	G>A	C>T
no_barcode_1_154255734_C_T_+	no_barcode	1	154255734	C	T	+	1	1	C>T	C>T
no_barcode_1_16396589_G_A_+	no_barcode	1	16396589	G	A	+	1	1	G>A	G>A
no_barcode_1_151132122_A_G_-	no_barcode	1	151132122	A	G	-	1	1	A>G	T>C
no_barcode_1_111460974_C_T_+	no_barcode	1	111460974	C	T	+	1	2	C>T	C>T
no_barcode_1_153983557_G_A_-	no_barcode	1	153983557	G	A	-	1	1	G>A	C>T
no_barcode_1_156317194_G_A_-	no_barcode	1	156317194	G	A	-	1	10	G>A	C>T
no_barcode_1_91525449_G_T_-	no_barcode	1	91525449	G	T	-	1	1	G>T	C>A
no_barcode_1_44778038_T_A_+	no_barcode	1	44778038	T	A	+	1	38	T>A	T>A
no_barcode_1_16969269_A_G_+	no_barcode	1	16969269	A	G	+	1	1	A>G	A>G
no_barcode_1_155726014_C_T_+	no_barcode	1	155726014	C	T	+	1	1	C>T	C>T
no_barcode_1_29192009_T_C_-	no_barcode	1	29192009	T	C	-	1	1	T>C	A>G
no_barcode_1_112912477_G_A_-	no_barcode	1	112912477	G	A	-	1	3	G>A	C>T
no_barcode_1_23083338_C_T_+	no_barcode	1	23083338	C	T	+	1	2	C>T	C>T
no_barcode_1_241879284_C_A_+	no_barcode	1	241879284	C	A	+	1	4	C>A	C>A
no_barcode_1_156036539_G_T_-	no_barcode	1	156036539	G	T	-	1	1	G>T	C>A
no_barcode_1_11025250_C_T_+	no_barcode	1	11025250	C	T	+	1	1	C>T	C>T
no_barcode_1_226361534_C_A_-	no_barcode	1	226361534	C	A	-	1	3	C>A	G>T
no_barcode_1_8864013_T_A_-	no_barcode	1	8864013	T	A	-	1	25	T>A	A>T
no_barcode_1_156738632_G_T_-	no_barcode	1	156738632	G	T	-	1	3	G>T	C>A
no_barcode_1_631811_C_T_+	no_barcode	1	631811	C	T	+	1	1	C>T	C>T
no_barcode_1_7965375_C_G_+	no_barcode	1	7965375	C	G	+	1	8	C>G	C>G
no_barcode_1_32770050_A_G_+	no_barcode	1	32770050	A	G	+	1	1	A>G	A>G
no_barcode_1_212620068_C_T_+	no_barcode	1	212620068	C	T	+	1	2	C>T	C>T
no_barcode_1_3780518_G_A_-	no_barcode	1	3780518	G	A	-	1	2	G>A	C>T
no_barcode_1_42926562_G_A_-	no_barcode	1	42926562	G	A	-	1	1	G>A	C>T
no_barcode_1_156317212_T_A_-	no_barcode	1	156317212	T	A	-	1	10	T>A	A>T
no_barcode_1_43622837_A_T_+	no_barcode	1	43622837	A	T	+	1	1	A>T	A>T
no_barcode_1_220058105_G_A_-	no_barcode	1	220058105	G	A	-	1	1	G>A	C>T
no_barcode_1_144460901_T_G_-	no_barcode	1	144460901	T	G	-	1	1	T>G	A>C
no_barcode_1_156742270_G_C_-	no_barcode	1	156742270	G	C	-	1	7	G>C	C>G
no_barcode_1_151874650_T_C_-	no_barcode	1	151874650	T	C	-	1	1	T>C	A>G
no_barcode_1_40067643_T_G_+	no_barcode	1	40067643	T	G	+	2	3	T>G	T>G
no_barcode_1_114732666_G_T_-	no_barcode	1	114732666	G	T	-	1	2	G>T	C>A
no_barcode_1_219968685_G_A_-	no_barcode	1	219968685	G	A	-	1	1	G>A	C>T
no_barcode_1_201876668_C_T_+	no_barcode	1	201876668	C	T	+	1	2	C>T	C>T
no_barcode_1_84244508_C_G_+	no_barcode	1	84244508	C	G	+	1	1	C>G	C>G
no_barcode_1_100213871_G_A_+	no_barcode	1	100213871	G	A	+	1	1	G>A	G>A
no_barcode_1_33324367_G_T_-	no_barcode	1	33324367	G	T	-	1	1	G>T	C>A
no_barcode_1_114732651_C_A_-	no_barcode	1	114732651	C	A	-	1	2	C>A	G>T
no_barcode_1_8864056_C_T_-	no_barcode	1	8864056	C	T	-	1	20	C>T	G>A
no_barcode_1_119742923_G_A_+	no_barcode	1	119742923	G	A	+	5	5	G>A	G>A
no_barcode_1_91387481_T_C_-	no_barcode	1	91387481	T	C	-	1	84	T>C	A>G
no_barcode_1_156036751_T_A_-	no_barcode	1	156036751	T	A	-	1	1	T>A	A>T
no_barcode_1_151266575_T_C_+	no_barcode	1	151266575	T	C	+	3	3	T>C	T>C
no_barcode_1_11680468_A_G_-	no_barcode	1	11680468	A	G	-	1	1	A>G	T>C
no_barcode_1_2401201_T_C_+	no_barcode	1	2401201	T	C	+	2	2	T>C	T>C
no_barcode_1_244858746_C_G_-	no_barcode	1	244858746	C	G	-	1	1	C>G	G>C
no_barcode_1_182391708_C_G_-	no_barcode	1	182391708	C	G	-	3	3	C>G	G>C
no_barcode_1_40067675_T_G_+	no_barcode	1	40067675	T	G	+	2	3	T>G	T>G
no_barcode_1_28200969_G_A_-	no_barcode	1	28200969	G	A	-	1	1	G>A	C>T
no_barcode_1_15939409_T_A_+	no_barcode	1	15939409	T	A	+	1	1	T>A	T>A
no_barcode_1_111449573_C_T_+	no_barcode	1	111449573	C	T	+	1	5	C>T	C>T
no_barcode_1_9744424_T_A_-	no_barcode	1	9744424	T	A	-	1	1	T>A	A>T
no_barcode_1_67000321_A_T_-	no_barcode	1	67000321	A	T	-	1	1	A>T	T>A
no_barcode_1_22030736_A_T_-	no_barcode	1	22030736	A	T	-	1	3	A>T	T>A
no_barcode_1_150993862_T_C_-	no_barcode	1	150993862	T	C	-	1	1	T>C	A>G
no_barcode_1_150266580_A_T_-	no_barcode	1	150266580	A	T	-	1	3	A>T	T>A
no_barcode_1_45617695_C_T_+	no_barcode	1	45617695	C	T	+	1	1	C>T	C>T
no_barcode_1_9367810_G_A_+	no_barcode	1	9367810	G	A	+	1	1	G>A	G>A
no_barcode_1_225404509_T_C_-	no_barcode	1	225404509	T	C	-	1	1	T>C	A>G
no_barcode_1_110344151_G_C_+	no_barcode	1	110344151	G	C	+	1	1	G>C	G>C
no_barcode_1_107571400_T_A_-	no_barcode	1	107571400	T	A	-	1	1	T>A	A>T
no_barcode_1_156743324_A_G_-	no_barcode	1	156743324	A	G	-	1	7	A>G	T>C
no_barcode_1_23694662_G_A_+	no_barcode	1	23694662	G	A	+	1	36	G>A	G>A
no_barcode_1_43360231_G_A_+	no_barcode	1	43360231	G	A	+	1	2	G>A	G>A
no_barcode_1_156036111_T_C_-	no_barcode	1	156036111	T	C	-	1	1	T>C	A>G
no_barcode_1_156593934_A_C_+	no_barcode	1	156593934	A	C	+	1	1	A>C	A>C
no_barcode_1_944307_T_C_-	no_barcode	1	944307	T	C	-	1	2	T>C	A>G
no_barcode_1_224387671_G_A_-	no_barcode	1	224387671	G	A	-	1	1	G>A	C>T
no_barcode_1_204557593_G_A_+	no_barcode	1	204557593	G	A	+	1	1	G>A	G>A
no_barcode_1_153982170_C_T_-	no_barcode	1	153982170	C	T	-	1	1	C>T	G>A
no_barcode_1_112748779_T_C_+	no_barcode	1	112748779	T	C	+	1	1	T>C	T>C
no_barcode_1_26475487_T_C_+	no_barcode	1	26475487	T	C	+	1	16	T>C	T>C
no_barcode_1_154260412_G_T_+	no_barcode	1	154260412	G	T	+	1	2	G>T	G>T
no_barcode_1_205149230_G_T_-	no_barcode	1	205149230	G	T	-	1	1	G>T	C>A
no_barcode_1_226383139_T_C_-	no_barcode	1	226383139	T	C	-	5	5	T>C	A>G
no_barcode_1_248810964_T_C_-	no_barcode	1	248810964	T	C	-	1	1	T>C	A>G
no_barcode_1_156592351_G_A_+	no_barcode	1	156592351	G	A	+	1	1	G>A	G>A
no_barcode_1_113912076_C_T_+	no_barcode	1	113912076	C	T	+	1	2	C>T	C>T
no_barcode_1_23695614_C_T_-	no_barcode	1	23695614	C	T	-	1	1	C>T	G>A
no_barcode_1_20652339_T_C_-	no_barcode	1	20652339	T	C	-	2	2	T>C	A>G
no_barcode_1_28237127_C_T_+	no_barcode	1	28237127	C	T	+	1	1	C>T	C>T
no_barcode_1_182887171_G_T_+	no_barcode	1	182887171	G	T	+	1	3	G>T	G>T
no_barcode_1_212954857_C_T_+	no_barcode	1	212954857	C	T	+	1	1	C>T	C>T
no_barcode_1_175010609_C_T_+	no_barcode	1	175010609	C	T	+	1	1	C>T	C>T
no_barcode_1_48384868_A_G_-	no_barcode	1	48384868	A	G	-	1	1	A>G	T>C
no_barcode_1_15428956_G_T_+	no_barcode	1	15428956	G	T	+	1	1	G>T	G>T
no_barcode_1_91387346_C_T_-	no_barcode	1	91387346	C	T	-	1	183	C>T	G>A
no_barcode_1_77949236_C_T_-	no_barcode	1	77949236	C	T	-	1	2	C>T	G>A
no_barcode_1_182383486_T_C_-	no_barcode	1	182383486	T	C	-	2	3	T>C	A>G
no_barcode_1_35188077_G_A_-	no_barcode	1	35188077	G	A	-	1	3	G>A	C>T
no_barcode_1_33013019_A_G_-	no_barcode	1	33013019	A	G	-	1	1	A>G	T>C
no_barcode_1_117075474_A_T_+	no_barcode	1	117075474	A	T	+	1	1	A>T	A>T
no_barcode_1_156722886_T_C_-	no_barcode	1	156722886	T	C	-	1	1	T>C	A>G
no_barcode_1_236550911_G_T_-	no_barcode	1	236550911	G	T	-	1	2	G>T	C>A
no_barcode_1_120425576_A_G_+	no_barcode	1	120425576	A	G	+	1	1	A>G	A>G
no_barcode_1_112671472_C_T_+	no_barcode	1	112671472	C	T	+	2	2	C>T	C>T
no_barcode_1_153638324_C_T_+	no_barcode	1	153638324	C	T	+	1	2	C>T	C>T
no_barcode_1_631973_A_G_+	no_barcode	1	631973	A	G	+	1	100	A>G	A>G
no_barcode_1_32204317_G_A_+	no_barcode	1	32204317	G	A	+	1	1	G>A	G>A
no_barcode_1_7984944_A_T_+	no_barcode	1	7984944	A	T	+	1	6	A>T	A>T
no_barcode_1_109402072_C_T_-	no_barcode	1	109402072	C	T	-	1	5	C>T	G>A
no_barcode_1_39753427_G_C_+	no_barcode	1	39753427	G	C	+	1	1	G>C	G>C
no_barcode_1_153991173_A_C_+	no_barcode	1	153991173	A	C	+	1	56	A>C	A>C
no_barcode_1_23696355_C_A_+	no_barcode	1	23696355	C	A	+	1	19	C>A	C>A
no_barcode_1_8863310_G_A_-	no_barcode	1	8863310	G	A	-	1	24	G>A	C>T
no_barcode_1_16992098_G_A_-	no_barcode	1	16992098	G	A	-	1	2	G>A	C>T
no_barcode_1_156249659_A_G_-	no_barcode	1	156249659	A	G	-	1	2	A>G	T>C
no_barcode_1_67000324_A_T_-	no_barcode	1	67000324	A	T	-	1	1	A>T	T>A
no_barcode_1_92547205_T_C_-	no_barcode	1	92547205	T	C	-	1	1	T>C	A>G
no_barcode_1_153746968_C_T_+	no_barcode	1	153746968	C	T	+	1	1	C>T	C>T
no_barcode_1_634005_A_G_+	no_barcode	1	634005	A	G	+	1	77	A>G	A>G
no_barcode_1_231354359_C_T_+	no_barcode	1	231354359	C	T	+	1	1	C>T	C>T
no_barcode_1_92837527_T_C_+	no_barcode	1	92837527	T	C	+	1	35	T>C	T>C
no_barcode_1_67170592_C_T_+	no_barcode	1	67170592	C	T	+	1	1	C>T	C>T
no_barcode_1_7847659_G_A_-	no_barcode	1	7847659	G	A	-	1	1	G>A	C>T
no_barcode_1_7974920_A_G_+	no_barcode	1	7974920	A	G	+	1	1	A>G	A>G
no_barcode_1_202001434_T_C_+	no_barcode	1	202001434	T	C	+	1	1	T>C	T>C
no_barcode_1_33012560_G_A_-	no_barcode	1	33012560	G	A	-	1	1	G>A	C>T
no_barcode_1_23962567_G_C_+	no_barcode	1	23962567	G	C	+	4	4	G>C	G>C
no_barcode_1_154344677_C_T_+	no_barcode	1	154344677	C	T	+	1	1	C>T	C>T
no_barcode_1_173608153_G_A_-	no_barcode	1	173608153	G	A	-	1	1	G>A	C>T
no_barcode_1_153662127_G_A_-	no_barcode	1	153662127	G	A	-	1	5	G>A	C>T
no_barcode_1_215235639_C_T_+	no_barcode	1	215235639	C	T	+	1	1	C>T	C>T
no_barcode_1_27406877_C_T_-	no_barcode	1	27406877	C	T	-	1	2	C>T	G>A
no_barcode_1_219209850_T_C_+	no_barcode	1	219209850	T	C	+	1	1	T>C	T>C
no_barcode_1_32224418_A_T_+	no_barcode	1	32224418	A	T	+	1	3	A>T	A>T
no_barcode_1_186361800_T_C_-	no_barcode	1	186361800	T	C	-	1	2	T>C	A>G
no_barcode_1_944296_G_A_+	no_barcode	1	944296	G	A	+	1	2	G>A	G>A
no_barcode_1_202728925_G_A_-	no_barcode	1	202728925	G	A	-	1	1	G>A	C>T
no_barcode_1_23507204_G_A_-	no_barcode	1	23507204	G	A	-	1	1	G>A	C>T
no_barcode_1_112529479_C_T_+	no_barcode	1	112529479	C	T	+	1	1	C>T	C>T
no_barcode_1_182883290_C_A_+	no_barcode	1	182883290	C	A	+	1	6	C>A	C>A
no_barcode_1_207767846_G_T_+	no_barcode	1	207767846	G	T	+	1	1	G>T	G>T
no_barcode_1_11662631_G_A_+	no_barcode	1	11662631	G	A	+	1	1	G>A	G>A
no_barcode_1_150966140_G_A_-	no_barcode	1	150966140	G	A	-	2	2	G>A	C>T
no_barcode_1_156213564_A_G_+	no_barcode	1	156213564	A	G	+	1	1	A>G	A>G
no_barcode_1_74706235_G_A_-	no_barcode	1	74706235	G	A	-	1	1	G>A	C>T
no_barcode_1_202736327_G_C_-	no_barcode	1	202736327	G	C	-	1	1	G>C	C>G
no_barcode_1_51787722_A_C_+	no_barcode	1	51787722	A	C	+	1	2	A>C	A>C
no_barcode_1_120467478_T_C_+	no_barcode	1	120467478	T	C	+	1	1	T>C	T>C
no_barcode_1_162383508_T_C_+	no_barcode	1	162383508	T	C	+	1	1	T>C	T>C
no_barcode_1_37540164_G_A_-	no_barcode	1	37540164	G	A	-	1	1	G>A	C>T
no_barcode_1_42700871_T_C_+	no_barcode	1	42700871	T	C	+	1	18	T>C	T>C
no_barcode_1_150993898_T_C_-	no_barcode	1	150993898	T	C	-	1	1	T>C	A>G
no_barcode_1_33028439_G_A_-	no_barcode	1	33028439	G	A	-	1	1	G>A	C>T
no_barcode_1_160215283_C_T_+	no_barcode	1	160215283	C	T	+	1	1	C>T	C>T
no_barcode_1_2363870_A_G_-	no_barcode	1	2363870	A	G	-	1	1	A>G	T>C
no_barcode_1_153991159_G_T_+	no_barcode	1	153991159	G	T	+	2	50	G>T	G>T
no_barcode_1_205714939_T_C_-	no_barcode	1	205714939	T	C	-	2	2	T>C	A>G
no_barcode_1_44778033_C_T_+	no_barcode	1	44778033	C	T	+	1	36	C>T	C>T
no_barcode_1_1374618_C_T_-	no_barcode	1	1374618	C	T	-	1	1	C>T	G>A
no_barcode_1_2394792_A_T_+	no_barcode	1	2394792	A	T	+	1	1	A>T	A>T
no_barcode_1_91614767_G_A_-	no_barcode	1	91614767	G	A	-	1	1	G>A	C>T
no_barcode_1_100213925_C_G_+	no_barcode	1	100213925	C	G	+	1	1	C>G	C>G
no_barcode_1_38839056_A_G_-	no_barcode	1	38839056	A	G	-	2	2	A>G	T>C
no_barcode_1_28497875_A_G_+	no_barcode	1	28497875	A	G	+	1	1	A>G	A>G
no_barcode_1_182881592_T_C_+	no_barcode	1	182881592	T	C	+	1	1	T>C	T>C
no_barcode_1_201876708_C_T_+	no_barcode	1	201876708	C	T	+	1	1	C>T	C>T
no_barcode_1_28982554_A_G_-	no_barcode	1	28982554	A	G	-	1	1	A>G	T>C
no_barcode_1_32060522_C_T_+	no_barcode	1	32060522	C	T	+	1	1	C>T	C>T
no_barcode_1_154979174_C_T_+	no_barcode	1	154979174	C	T	+	1	5	C>T	C>T
no_barcode_1_631908_A_C_+	no_barcode	1	631908	A	C	+	1	45	A>C	A>C
no_barcode_1_44776749_G_A_+	no_barcode	1	44776749	G	A	+	1	51	G>A	G>A
no_barcode_1_45160933_T_A_-	no_barcode	1	45160933	T	A	-	1	1	T>A	A>T
no_barcode_1_85159181_G_A_-	no_barcode	1	85159181	G	A	-	1	1	G>A	C>T
no_barcode_1_37535335_T_C_-	no_barcode	1	37535335	T	C	-	1	1	T>C	A>G
no_barcode_1_6637225_C_T_-	no_barcode	1	6637225	C	T	-	1	2	C>T	G>A
no_barcode_1_32230970_G_T_+	no_barcode	1	32230970	G	T	+	1	8	G>T	G>T
no_barcode_1_85174642_A_C_-	no_barcode	1	85174642	A	C	-	1	1	A>C	T>G
no_barcode_1_156335883_T_C_-	no_barcode	1	156335883	T	C	-	1	2	T>C	A>G
no_barcode_1_31907015_G_A_-	no_barcode	1	31907015	G	A	-	1	2	G>A	C>T
no_barcode_1_33324895_G_A_-	no_barcode	1	33324895	G	A	-	1	1	G>A	C>T
no_barcode_1_226356478_A_G_-	no_barcode	1	226356478	A	G	-	1	1	A>G	T>C
no_barcode_1_67687906_C_T_+	no_barcode	1	67687906	C	T	+	1	2	C>T	C>T
no_barcode_1_201969722_G_A_+	no_barcode	1	201969722	G	A	+	1	2	G>A	G>A
no_barcode_1_16605933_C_G_-	no_barcode	1	16605933	C	G	-	1	1	C>G	G>C
no_barcode_1_182383482_G_A_-	no_barcode	1	182383482	G	A	-	1	2	G>A	C>T
no_barcode_1_182383467_G_A_-	no_barcode	1	182383467	G	A	-	1	2	G>A	C>T
no_barcode_1_2189679_C_T_-	no_barcode	1	2189679	C	T	-	1	1	C>T	G>A
no_barcode_1_20651728_C_T_-	no_barcode	1	20651728	C	T	-	1	1	C>T	G>A
no_barcode_1_226361210_G_A_-	no_barcode	1	226361210	G	A	-	2	7	G>A	C>T
no_barcode_1_6192932_T_A_+	no_barcode	1	6192932	T	A	+	1	17	T>A	T>A
no_barcode_1_175010594_C_T_+	no_barcode	1	175010594	C	T	+	1	1	C>T	C>T
no_barcode_1_201881096_C_T_+	no_barcode	1	201881096	C	T	+	1	1	C>T	C>T
no_barcode_1_156055305_C_T_+	no_barcode	1	156055305	C	T	+	2	3	C>T	C>T
no_barcode_1_150266151_C_A_-	no_barcode	1	150266151	C	A	-	1	2	C>A	G>T
no_barcode_1_37540184_G_A_-	no_barcode	1	37540184	G	A	-	1	1	G>A	C>T
no_barcode_1_31630664_A_G_-	no_barcode	1	31630664	A	G	-	2	2	A>G	T>C
no_barcode_1_28237978_A_G_+	no_barcode	1	28237978	A	G	+	1	9	A>G	A>G
no_barcode_1_88834321_A_G_+	no_barcode	1	88834321	A	G	+	1	1	A>G	A>G
no_barcode_1_85018651_G_A_-	no_barcode	1	85018651	G	A	-	1	1	G>A	C>T
no_barcode_1_204520093_T_C_-	no_barcode	1	204520093	T	C	-	1	1	T>C	A>G
no_barcode_1_2399450_C_T_+	no_barcode	1	2399450	C	T	+	1	2	C>T	C>T
no_barcode_1_246842749_G_C_-	no_barcode	1	246842749	G	C	-	1	1	G>C	C>G
no_barcode_1_32231218_C_T_+	no_barcode	1	32231218	C	T	+	1	3	C>T	C>T
no_barcode_1_151133348_C_G_-	no_barcode	1	151133348	C	G	-	1	1	C>G	G>C
no_barcode_1_212954867_C_T_+	no_barcode	1	212954867	C	T	+	1	1	C>T	C>T
no_barcode_1_32605544_A_G_+	no_barcode	1	32605544	A	G	+	1	1	A>G	A>G
no_barcode_1_144227271_G_A_-	no_barcode	1	144227271	G	A	-	1	1	G>A	C>T
no_barcode_1_1735980_A_C_-	no_barcode	1	1735980	A	C	-	1	1	A>C	T>G
no_barcode_1_23695887_C_T_+	no_barcode	1	23695887	C	T	+	1	37	C>T	C>T
no_barcode_1_28982626_T_C_-	no_barcode	1	28982626	T	C	-	2	2	T>C	A>G
no_barcode_1_182942031_G_A_-	no_barcode	1	182942031	G	A	-	1	4	G>A	C>T
no_barcode_1_67413186_G_A_-	no_barcode	1	67413186	G	A	-	1	6	G>A	C>T
no_barcode_1_151874717_A_C_-	no_barcode	1	151874717	A	C	-	1	1	A>C	T>G
no_barcode_1_235051655_G_A_-	no_barcode	1	235051655	G	A	-	1	1	G>A	C>T
no_barcode_1_1302015_C_A_-	no_barcode	1	1302015	C	A	-	1	2	C>A	G>T
no_barcode_1_167789664_A_G_+	no_barcode	1	167789664	A	G	+	1	2	A>G	A>G
no_barcode_1_2189221_T_C_+	no_barcode	1	2189221	T	C	+	1	1	T>C	T>C
no_barcode_1_217741982_C_T_+	no_barcode	1	217741982	C	T	+	1	1	C>T	C>T
no_barcode_1_43972245_C_T_+	no_barcode	1	43972245	C	T	+	1	1	C>T	C>T
no_barcode_1_28499248_A_G_+	no_barcode	1	28499248	A	G	+	1	1	A>G	A>G
no_barcode_1_46276997_A_G_+	no_barcode	1	46276997	A	G	+	1	1	A>G	A>G
no_barcode_1_10629824_A_G_+	no_barcode	1	10629824	A	G	+	1	1	A>G	A>G
no_barcode_1_173859748_A_G_+	no_barcode	1	173859748	A	G	+	1	2	A>G	A>G
no_barcode_1_31289323_C_A_-	no_barcode	1	31289323	C	A	-	1	5	C>A	G>T
no_barcode_1_39421424_C_T_+	no_barcode	1	39421424	C	T	+	1	1	C>T	C>T
no_barcode_1_39003349_C_A_+	no_barcode	1	39003349	C	A	+	1	1	C>A	C>A
no_barcode_1_120466542_C_T_+	no_barcode	1	120466542	C	T	+	1	1	C>T	C>T
no_barcode_1_92832105_G_C_+	no_barcode	1	92832105	G	C	+	1	11	G>C	G>C
no_barcode_1_228100806_G_A_-	no_barcode	1	228100806	G	A	-	1	2	G>A	C>T
no_barcode_1_150575286_A_G_-	no_barcode	1	150575286	A	G	-	1	2	A>G	T>C
no_barcode_1_151770112_C_G_-	no_barcode	1	151770112	C	G	-	1	1	C>G	G>C
no_barcode_1_204131703_G_A_-	no_barcode	1	204131703	G	A	-	1	1	G>A	C>T
no_barcode_1_32605562_A_G_+	no_barcode	1	32605562	A	G	+	1	1	A>G	A>G
no_barcode_1_42700812_G_A_+	no_barcode	1	42700812	G	A	+	1	13	G>A	G>A
no_barcode_1_1302017_C_A_-	no_barcode	1	1302017	C	A	-	1	2	C>A	G>T
no_barcode_1_78024797_A_G_+	no_barcode	1	78024797	A	G	+	1	1	A>G	A>G
no_barcode_1_6525479_C_T_-	no_barcode	1	6525479	C	T	-	1	1	C>T	G>A
no_barcode_1_92547215_C_G_-	no_barcode	1	92547215	C	G	-	1	1	C>G	G>C
no_barcode_1_116987651_A_G_+	no_barcode	1	116987651	A	G	+	1	1	A>G	A>G
no_barcode_1_153991163_C_A_+	no_barcode	1	153991163	C	A	+	1	51	C>A	C>A
no_barcode_1_32680181_A_T_+	no_barcode	1	32680181	A	T	+	1	6	A>T	A>T
no_barcode_1_77169263_G_A_-	no_barcode	1	77169263	G	A	-	1	1	G>A	C>T
no_barcode_1_45613212_C_T_+	no_barcode	1	45613212	C	T	+	2	2	C>T	C>T
no_barcode_1_24156965_G_A_-	no_barcode	1	24156965	G	A	-	1	1	G>A	C>T
no_barcode_1_201464814_G_T_-	no_barcode	1	201464814	G	T	-	1	1	G>T	C>A
no_barcode_1_182942056_G_A_-	no_barcode	1	182942056	G	A	-	1	3	G>A	C>T
no_barcode_1_227919936_A_C_-	no_barcode	1	227919936	A	C	-	1	1	A>C	T>G
no_barcode_1_193016236_A_G_-	no_barcode	1	193016236	A	G	-	1	2	A>G	T>C
no_barcode_1_39763846_C_T_+	no_barcode	1	39763846	C	T	+	1	1	C>T	C>T
no_barcode_1_119619819_T_C_-	no_barcode	1	119619819	T	C	-	1	1	T>C	A>G
no_barcode_1_634208_G_T_+	no_barcode	1	634208	G	T	+	1	16	G>T	G>T
no_barcode_1_54027350_G_A_-	no_barcode	1	54027350	G	A	-	1	1	G>A	C>T
no_barcode_1_167789025_C_T_+	no_barcode	1	167789025	C	T	+	1	1	C>T	C>T
no_barcode_1_214644784_A_T_+	no_barcode	1	214644784	A	T	+	1	1	A>T	A>T
no_barcode_1_214652853_G_A_+	no_barcode	1	214652853	G	A	+	1	1	G>A	G>A
no_barcode_1_150993836_T_C_-	no_barcode	1	150993836	T	C	-	1	1	T>C	A>G
no_barcode_1_230995868_C_A_+	no_barcode	1	230995868	C	A	+	1	1	C>A	C>A
no_barcode_1_31261079_A_G_-	no_barcode	1	31261079	A	G	-	1	1	A>G	T>C
no_barcode_1_10460321_T_C_-	no_barcode	1	10460321	T	C	-	1	1	T>C	A>G
no_barcode_1_6522679_T_C_-	no_barcode	1	6522679	T	C	-	1	1	T>C	A>G
no_barcode_1_42665982_G_A_+	no_barcode	1	42665982	G	A	+	1	2	G>A	G>A
no_barcode_1_228099050_C_T_+	no_barcode	1	228099050	C	T	+	1	4	C>T	C>T
no_barcode_1_19357433_C_A_-	no_barcode	1	19357433	C	A	-	1	7	C>A	G>T
no_barcode_1_37709315_T_C_+	no_barcode	1	37709315	T	C	+	1	2	T>C	T>C
no_barcode_1_235109864_G_A_-	no_barcode	1	235109864	G	A	-	1	1	G>A	C>T
no_barcode_1_225844528_C_T_+	no_barcode	1	225844528	C	T	+	2	3	C>T	C>T
no_barcode_1_119744015_C_T_+	no_barcode	1	119744015	C	T	+	1	4	C>T	C>T
no_barcode_1_10461503_T_A_-	no_barcode	1	10461503	T	A	-	1	1	T>A	A>T
no_barcode_1_54032214_G_A_-	no_barcode	1	54032214	G	A	-	1	5	G>A	C>T
no_barcode_1_24669577_A_T_+	no_barcode	1	24669577	A	T	+	1	1	A>T	A>T
no_barcode_1_77697921_A_G_-	no_barcode	1	77697921	A	G	-	1	2	A>G	T>C
no_barcode_1_91614771_C_G_-	no_barcode	1	91614771	C	G	-	1	1	C>G	G>C
no_barcode_1_150507053_G_T_+	no_barcode	1	150507053	G	T	+	1	1	G>T	G>T
no_barcode_1_11055139_G_T_-	no_barcode	1	11055139	G	T	-	1	1	G>T	C>A
no_barcode_1_182884725_G_A_+	no_barcode	1	182884725	G	A	+	1	3	G>A	G>A
no_barcode_1_20650728_A_T_+	no_barcode	1	20650728	A	T	+	2	2	A>T	A>T
no_barcode_1_241881973_C_T_+	no_barcode	1	241881973	C	T	+	1	1	C>T	C>T
no_barcode_1_228098342_G_T_+	no_barcode	1	228098342	G	T	+	1	7	G>T	G>T
no_barcode_1_236898898_A_C_+	no_barcode	1	236898898	A	C	+	1	1	A>C	A>C
no_barcode_1_27414872_T_C_-	no_barcode	1	27414872	T	C	-	1	1	T>C	A>G
no_barcode_1_52772237_C_T_-	no_barcode	1	52772237	C	T	-	1	2	C>T	G>A
no_barcode_1_1663334_T_C_-	no_barcode	1	1663334	T	C	-	1	1	T>C	A>G
no_barcode_1_204557599_A_G_+	no_barcode	1	204557599	A	G	+	1	1	A>G	A>G
no_barcode_1_110062286_C_T_+	no_barcode	1	110062286	C	T	+	1	1	C>T	C>T
no_barcode_1_88834323_C_T_+	no_barcode	1	88834323	C	T	+	1	1	C>T	C>T
no_barcode_1_205716224_T_C_-	no_barcode	1	205716224	T	C	-	1	1	T>C	A>G
no_barcode_1_85018622_G_A_-	no_barcode	1	85018622	G	A	-	1	1	G>A	C>T
no_barcode_1_212101071_A_C_+	no_barcode	1	212101071	A	C	+	2	2	A>C	A>C
no_barcode_1_161042629_C_T_-	no_barcode	1	161042629	C	T	-	1	1	C>T	G>A
no_barcode_1_8870884_C_T_-	no_barcode	1	8870884	C	T	-	1	1	C>T	G>A
no_barcode_1_25900879_G_A_-	no_barcode	1	25900879	G	A	-	1	4	G>A	C>T
no_barcode_1_35603294_G_A_-	no_barcode	1	35603294	G	A	-	1	5	G>A	C>T
no_barcode_1_28200955_G_A_-	no_barcode	1	28200955	G	A	-	1	5	G>A	C>T
no_barcode_1_111461016_C_T_+	no_barcode	1	111461016	C	T	+	1	3	C>T	C>T
no_barcode_1_146482460_A_G_+	no_barcode	1	146482460	A	G	+	1	1	A>G	A>G
no_barcode_1_17054002_G_T_-	no_barcode	1	17054002	G	T	-	2	2	G>T	C>A
no_barcode_1_236553659_C_T_-	no_barcode	1	236553659	C	T	-	1	1	C>T	G>A
no_barcode_1_209267683_C_T_-	no_barcode	1	209267683	C	T	-	1	1	C>T	G>A
no_barcode_1_241848807_A_T_+	no_barcode	1	241848807	A	T	+	1	1	A>T	A>T
no_barcode_1_58782177_G_A_-	no_barcode	1	58782177	G	A	-	1	3	G>A	C>T
no_barcode_1_632981_T_C_+	no_barcode	1	632981	T	C	+	1	1	T>C	T>C
no_barcode_1_161958537_A_G_+	no_barcode	1	161958537	A	G	+	1	1	A>G	A>G
no_barcode_1_200552783_G_A_-	no_barcode	1	200552783	G	A	-	1	1	G>A	C>T
no_barcode_1_44650717_T_C_+	no_barcode	1	44650717	T	C	+	1	3	T>C	T>C
no_barcode_1_67409520_C_T_-	no_barcode	1	67409520	C	T	-	1	1	C>T	G>A
no_barcode_1_204520110_T_C_-	no_barcode	1	204520110	T	C	-	1	1	T>C	A>G
no_barcode_1_236558310_G_A_-	no_barcode	1	236558310	G	A	-	1	2	G>A	C>T
no_barcode_1_15929958_A_G_+	no_barcode	1	15929958	A	G	+	1	1	A>G	A>G
no_barcode_1_149851968_G_T_-	no_barcode	1	149851968	G	T	-	1	1	G>T	C>A
no_barcode_1_226146739_G_A_-	no_barcode	1	226146739	G	A	-	1	3	G>A	C>T
no_barcode_1_633953_A_T_+	no_barcode	1	633953	A	T	+	1	52	A>T	A>T
no_barcode_1_220147698_A_T_+	no_barcode	1	220147698	A	T	+	1	2	A>T	A>T
no_barcode_1_28237136_C_T_+	no_barcode	1	28237136	C	T	+	1	1	C>T	C>T
no_barcode_1_109264212_C_T_+	no_barcode	1	109264212	C	T	+	1	1	C>T	C>T
no_barcode_1_201464817_G_T_-	no_barcode	1	201464817	G	T	-	1	1	G>T	C>A
no_barcode_1_154584187_G_A_-	no_barcode	1	154584187	G	A	-	1	1	G>A	C>T
no_barcode_1_173859802_A_G_+	no_barcode	1	173859802	A	G	+	1	1	A>G	A>G
no_barcode_1_119742812_C_G_+	no_barcode	1	119742812	C	G	+	1	2	C>G	C>G
no_barcode_1_178411768_G_A_+	no_barcode	1	178411768	G	A	+	8	8	G>A	G>A
no_barcode_1_45613182_A_G_+	no_barcode	1	45613182	A	G	+	1	1	A>G	A>G
no_barcode_1_37540190_G_A_-	no_barcode	1	37540190	G	A	-	1	1	G>A	C>T
no_barcode_1_234373513_G_C_-	no_barcode	1	234373513	G	C	-	1	1	G>C	C>G
no_barcode_1_109402070_G_T_-	no_barcode	1	109402070	G	T	-	1	5	G>T	C>A
no_barcode_1_241881028_G_T_+	no_barcode	1	241881028	G	T	+	1	1	G>T	G>T
no_barcode_1_161162644_C_T_+	no_barcode	1	161162644	C	T	+	1	1	C>T	C>T
no_barcode_1_234393445_C_T_+	no_barcode	1	234393445	C	T	+	1	2	C>T	C>T
no_barcode_1_160215312_C_T_+	no_barcode	1	160215312	C	T	+	1	1	C>T	C>T
no_barcode_1_230839216_G_A_-	no_barcode	1	230839216	G	A	-	1	1	G>A	C>T
no_barcode_1_117079566_A_T_+	no_barcode	1	117079566	A	T	+	1	1	A>T	A>T
no_barcode_1_200406081_G_A_-	no_barcode	1	200406081	G	A	-	1	1	G>A	C>T
no_barcode_1_28237124_C_T_+	no_barcode	1	28237124	C	T	+	1	1	C>T	C>T
no_barcode_1_32668321_A_T_+	no_barcode	1	32668321	A	T	+	1	1	A>T	A>T
no_barcode_1_234393451_C_T_+	no_barcode	1	234393451	C	T	+	1	2	C>T	C>T
no_barcode_1_235380135_T_A_+	no_barcode	1	235380135	T	A	+	1	3	T>A	T>A
no_barcode_1_28587301_G_A_-	no_barcode	1	28587301	G	A	-	1	1	G>A	C>T
no_barcode_1_31915965_G_A_-	no_barcode	1	31915965	G	A	-	1	3	G>A	C>T
no_barcode_1_5865459_A_G_-	no_barcode	1	5865459	A	G	-	1	1	A>G	T>C
no_barcode_1_109734371_T_A_-	no_barcode	1	109734371	T	A	-	1	1	T>A	A>T
no_barcode_1_165910794_A_G_+	no_barcode	1	165910794	A	G	+	1	1	A>G	A>G
no_barcode_1_117060505_A_T_+	no_barcode	1	117060505	A	T	+	1	1	A>T	A>T
no_barcode_1_165662433_T_G_-	no_barcode	1	165662433	T	G	-	1	1	T>G	A>C
no_barcode_1_8863335_A_G_-	no_barcode	1	8863335	A	G	-	1	21	A>G	T>C
no_barcode_1_168055768_G_A_-	no_barcode	1	168055768	G	A	-	1	3	G>A	C>T
no_barcode_1_156041545_G_A_-	no_barcode	1	156041545	G	A	-	1	1	G>A	C>T
no_barcode_1_29148180_C_T_-	no_barcode	1	29148180	C	T	-	1	1	C>T	G>A
no_barcode_1_20656138_G_A_-	no_barcode	1	20656138	G	A	-	2	2	G>A	C>T
no_barcode_1_235465712_A_G_-	no_barcode	1	235465712	A	G	-	1	1	A>G	T>C
no_barcode_1_75761665_C_T_+	no_barcode	1	75761665	C	T	+	1	1	C>T	C>T
no_barcode_1_11919852_T_C_-	no_barcode	1	11919852	T	C	-	1	1	T>C	A>G
no_barcode_1_186361797_A_G_-	no_barcode	1	186361797	A	G	-	1	2	A>G	T>C
no_barcode_1_91387232_C_T_-	no_barcode	1	91387232	C	T	-	1	22	C>T	G>A
no_barcode_1_108983289_G_A_-	no_barcode	1	108983289	G	A	-	1	1	G>A	C>T
no_barcode_1_155016481_A_G_+	no_barcode	1	155016481	A	G	+	1	2	A>G	A>G
no_barcode_1_224385684_A_G_-	no_barcode	1	224385684	A	G	-	1	1	A>G	T>C
no_barcode_1_44207934_T_C_-	no_barcode	1	44207934	T	C	-	1	1	T>C	A>G
no_barcode_1_54741647_T_C_+	no_barcode	1	54741647	T	C	+	1	2	T>C	T>C
no_barcode_1_235109752_A_C_-	no_barcode	1	235109752	A	C	-	1	2	A>C	T>G
no_barcode_1_19257842_G_A_+	no_barcode	1	19257842	G	A	+	2	3	G>A	G>A
no_barcode_1_15604963_G_C_+	no_barcode	1	15604963	G	C	+	1	1	G>C	G>C
no_barcode_1_229477744_C_G_-	no_barcode	1	229477744	C	G	-	1	1	C>G	G>C
no_barcode_1_3780534_G_A_-	no_barcode	1	3780534	G	A	-	1	2	G>A	C>T
no_barcode_1_42701005_G_C_+	no_barcode	1	42701005	G	C	+	1	11	G>C	G>C
no_barcode_1_6185959_G_A_-	no_barcode	1	6185959	G	A	-	1	3	G>A	C>T
no_barcode_1_23694778_T_A_+	no_barcode	1	23694778	T	A	+	1	46	T>A	T>A
no_barcode_1_117075480_C_G_+	no_barcode	1	117075480	C	G	+	1	1	C>G	C>G
no_barcode_1_150965537_A_T_-	no_barcode	1	150965537	A	T	-	1	3	A>T	T>A
no_barcode_1_69169882_C_T_+	no_barcode	1	69169882	C	T	+	1	1	C>T	C>T
no_barcode_1_45618151_C_T_-	no_barcode	1	45618151	C	T	-	1	1	C>T	G>A
no_barcode_1_116396670_G_T_+	no_barcode	1	116396670	G	T	+	1	7	G>T	G>T
no_barcode_1_2394794_A_T_+	no_barcode	1	2394794	A	T	+	1	1	A>T	A>T
no_barcode_1_156561964_T_C_-	no_barcode	1	156561964	T	C	-	1	1	T>C	A>G
no_barcode_1_23313625_T_C_-	no_barcode	1	23313625	T	C	-	1	3	T>C	A>G
no_barcode_1_25829059_G_C_+	no_barcode	1	25829059	G	C	+	1	1	G>C	G>C
no_barcode_1_165727720_G_A_-	no_barcode	1	165727720	G	A	-	1	3	G>A	C>T
no_barcode_1_201876702_C_T_+	no_barcode	1	201876702	C	T	+	1	1	C>T	C>T
no_barcode_1_215620492_G_A_+	no_barcode	1	215620492	G	A	+	2	2	G>A	G>A
no_barcode_1_168055823_G_A_-	no_barcode	1	168055823	G	A	-	1	3	G>A	C>T
no_barcode_1_28237028_C_T_+	no_barcode	1	28237028	C	T	+	1	1	C>T	C>T
no_barcode_1_151266099_G_A_+	no_barcode	1	151266099	G	A	+	1	1	G>A	G>A
no_barcode_1_226146748_G_A_-	no_barcode	1	226146748	G	A	-	1	3	G>A	C>T
no_barcode_1_154584896_G_A_-	no_barcode	1	154584896	G	A	-	1	1	G>A	C>T
no_barcode_1_92832103_C_T_+	no_barcode	1	92832103	C	T	+	1	11	C>T	C>T
no_barcode_1_26475279_C_T_+	no_barcode	1	26475279	C	T	+	1	7	C>T	C>T
no_barcode_1_45160914_C_T_-	no_barcode	1	45160914	C	T	-	1	1	C>T	G>A
no_barcode_1_169432972_G_A_-	no_barcode	1	169432972	G	A	-	1	1	G>A	C>T
no_barcode_1_151399662_G_A_+	no_barcode	1	151399662	G	A	+	4	4	G>A	G>A
no_barcode_1_2189224_T_C_+	no_barcode	1	2189224	T	C	+	1	1	T>C	T>C
no_barcode_1_26475182_G_T_+	no_barcode	1	26475182	G	T	+	1	3	G>T	G>T
no_barcode_1_26261910_C_T_+	no_barcode	1	26261910	C	T	+	1	1	C>T	C>T
no_barcode_1_110340947_A_T_+	no_barcode	1	110340947	A	T	+	1	1	A>T	A>T
no_barcode_1_235338456_T_A_-	no_barcode	1	235338456	T	A	-	1	1	T>A	A>T
no_barcode_1_17407068_T_G_-	no_barcode	1	17407068	T	G	-	1	1	T>G	A>C
no_barcode_1_182942052_G_A_-	no_barcode	1	182942052	G	A	-	1	3	G>A	C>T
no_barcode_1_39004973_C_A_+	no_barcode	1	39004973	C	A	+	1	2	C>A	C>A
no_barcode_1_153991652_G_T_+	no_barcode	1	153991652	G	T	+	1	97	G>T	G>T
no_barcode_1_1302018_A_T_-	no_barcode	1	1302018	A	T	-	1	2	A>T	T>A
no_barcode_1_155330455_T_C_+	no_barcode	1	155330455	T	C	+	1	2	T>C	T>C
no_barcode_1_39004245_T_C_+	no_barcode	1	39004245	T	C	+	1	3	T>C	T>C
no_barcode_1_44778599_C_T_+	no_barcode	1	44778599	C	T	+	1	54	C>T	C>T
no_barcode_1_112686721_C_T_+	no_barcode	1	112686721	C	T	+	1	1	C>T	C>T
no_barcode_1_201876726_C_T_+	no_barcode	1	201876726	C	T	+	1	1	C>T	C>T
no_barcode_1_27993406_C_T_-	no_barcode	1	27993406	C	T	-	1	1	C>T	G>A
no_barcode_1_156742541_T_A_-	no_barcode	1	156742541	T	A	-	1	2	T>A	A>T
no_barcode_1_114568062_A_C_-	no_barcode	1	114568062	A	C	-	1	1	A>C	T>G
no_barcode_1_2404405_G_A_-	no_barcode	1	2404405	G	A	-	1	1	G>A	C>T
no_barcode_1_634808_A_T_+	no_barcode	1	634808	A	T	+	1	11	A>T	A>T
no_barcode_1_11750448_C_T_+	no_barcode	1	11750448	C	T	+	1	1	C>T	C>T
no_barcode_1_40822347_C_A_+	no_barcode	1	40822347	C	A	+	1	1	C>A	C>A
no_barcode_1_54218252_G_A_+	no_barcode	1	54218252	G	A	+	1	3	G>A	G>A
no_barcode_1_21483431_G_C_+	no_barcode	1	21483431	G	C	+	1	1	G>C	G>C
no_barcode_1_203851059_T_C_+	no_barcode	1	203851059	T	C	+	1	2	T>C	T>C
no_barcode_1_58783359_T_G_-	no_barcode	1	58783359	T	G	-	1	1	T>G	A>C
no_barcode_1_33323987_T_C_-	no_barcode	1	33323987	T	C	-	1	1	T>C	A>G
no_barcode_1_149923944_G_A_-	no_barcode	1	149923944	G	A	-	1	3	G>A	C>T
no_barcode_1_25361203_A_G_+	no_barcode	1	25361203	A	G	+	1	1	A>G	A>G
no_barcode_1_150627473_C_A_-	no_barcode	1	150627473	C	A	-	1	6	C>A	G>T
no_barcode_1_37705543_C_T_+	no_barcode	1	37705543	C	T	+	1	1	C>T	C>T
